Protein_Group	Genes	Piezo1_OE_YODA1+_vs_Piezo1_OE_YODA1-_logFC	Piezo1_OE_YODA1+_vs_Piezo1_OE_YODA1-_pval
O15021	MAST4	2.85060938110239	0.002819573043006
O15054	KDM6B	1.5410487278629	0.0016488316009916
O75911	DHRS3	1.45131218950065	1.3781824849524301e-15
O76061	STC2	1.60718758468302	1.80254077767133e-09
P02656	APOC3	2.14120960073712	1.95617487919379e-09
P08174	CD55	1.43253507483922	2.73506915478276e-08
P15018	LIF	1.40322282231864	6.98252103618266e-10
P17301	ITGA2	1.80038457797467	8.605162545743891e-15
P18847	ATF3	2.39750966692118	1.1145884588432e-07
P19883	FST	3.85044523587202	8.64909184527506e-10
P35318	ADM	2.69016146808844	0.0016938468045384
P35354	PTGS2	2.36617611414341	0.0002957228735832
P48552	NRIP1	2.09122901638877	1.54090363787448e-05
P53539	FOSB	2.95846759957073	4.17885186140424e-13
P53805	RCAN1	2.3501350208587	1.32431357087792e-08
P55042	RRAD	2.92422658998295	4.13340313849037e-05
P56706	WNT7B	2.24860310699557	1.8757968837542e-05
P63252	KCNJ2	1.75230417026651	1.98194642823245e-06
Q01201	RELB	4.88349213832581	0.0038591064170132
Q02156	PRKCE	2.11685711470611	0.0022288043799092
Q03989	ARID5A	1.37438555486349	0.0035225457393235
Q13009	TIAM1	1.83932396856356	0.0032690315115142
Q13469	NFATC2	2.99290429500597	4.58287495931166e-09
Q13887	KLF5	1.70939660518	0.0073765387084555
Q15198	PDGFRL	2.8266147273439	0.0045897287687027
Q5TAT6	COL13A1	1.61879226985997	2.45091528870265e-05
Q5W0Q7	USPL1	3.58873094232906	0.0015700012166739
Q6S5L8	SHC4	2.4963970850364	0.0001242711163721
Q86SQ4	ADGRG6	3.57543263391166	0.0004104725382811
Q86UD1	OAF	1.89397252170363	0.0001885613782573
Q86VY9	TMEM200A	2.73457329229808	3.03456978236211e-05
Q86YW9	MED12L	1.94498246574718	0.0069087750444162
Q8IVW6	ARID3B	1.39889600805203	0.0086758649519859
Q8NAP3	ZBTB38	1.51797991104927	4.6244595860914e-09
Q8NCE0	TSEN2	2.63995453471198	0.004685785953201
Q8NFT8	DNER	3.34227471529141	0.0012588362631325
Q8WZ71	TMEM158	2.02202674229894	5.8727577479140106e-09
Q96AV8	E2F7	1.74526169095187	1.43870236203135e-08
Q96GX1	TCTN2	2.39636964658009	0.0013434020936904
Q99611	SEPHS2	1.56031798933365	0.0063844633886492
Q99685	MGLL	1.76587439089983	0.0001469685278369
Q9H5J8	TAF1D	2.56745009627835	0.001218217691967
Q9HA38	ZMAT3	1.99288215550083	0.0028057028673587
Q9NWC5	TMEM45A	1.92162944789347	0.0010618817047313
Q9ULX9	MAFF	1.78817995462438	7.93863676161845e-19
Q9UPV9	TRAK1	3.30991350500113	0.004714930227609
Q9UPY3	DICER1	1.69328342380217	2.04644794667348e-05
O14917	PCDH17	-2.1210109854761	3.2188648324245e-05
O75473	LGR5	-5.24615787339268	1.57168991301662e-07
O75771	RAD51D	-2.11212997882926	0.0058351741452112
O95185	UNC5C	-1.82299735524188	3.0197504661506197e-12
O95259	KCNH1	-1.36807568592861	0.0051004684626534
P02452	COL1A1	-1.72056123510438	2.69513291121655e-05
P02461	COL3A1	-1.60970477322001	0.0001047964734059
P05062	ALDOB	-2.13881026281314	0.000144051498181
P32754	HPD	-1.57827301842289	0.0053215981321248
P43699	NKX2-1	-3.39450950979523	0.0066361740105461
P52799	EFNB2	-1.76052662863056	3.22515323304435e-10
P54756	EPHA5	-1.43591364264271	0.0002558970368601
P56730	PRSS12	-1.66324385869834	0.0055508345355129
P58005	SESN3	-1.71966704498282	0.0001660731498199
Q02297	NRG1	-1.97509144869224	6.67607807181571e-14
Q06418	TYRO3	-1.5243705617052	0.0034932786833038
Q09019	DMWD	-1.60934915975716	0.0001011152538553
Q0VF96	CGNL1	-1.52923335066267	0.0001537908817907
Q10587	TEF	-3.60359947920982	9.45442625544122e-07
Q12860	CNTN1	-1.6436526871134	0.0002078575832053
Q13470	TNK1	-2.60419789442587	0.0009404744852239
Q4KMG0	CDON	-2.16517549057589	0.0001999601695405
Q5T7W7	TSTD2	-1.78556731964692	0.0017627751893288
Q6EMK4	VASN	-3.05823038671768	6.70818321500338e-07
Q6UX71	PLXDC2	-1.98974592097205	5.84914902716016e-07
Q6ZTN6	ANKRD13D	-1.64637070958891	8.44230091060734e-05
Q8IX30	SCUBE3	-1.84850686976775	0.0007000016495848
Q8N441	FGFRL1	-1.83870509681834	2.1035537493764698e-11
Q8NFZ4	NLGN2	-1.86934276888375	1.50233812922079e-06
Q8TC05	MDM1	-3.49339337721579	0.0001975138246525
Q92608	DOCK2	-1.87228795647793	0.0065160107509442
Q92823	NRCAM	-1.49406772453187	2.33984853491525e-07
Q96BM1	ANKRD9	-2.22370223792811	0.0038943479275153
Q96CN4	EVI5L	-2.95682237580434	7.90772039149844e-05
Q96ED9	HOOK2	-2.6536335631801	0.0060581509297319
Q96JH8	RADIL	-2.26957995377884	0.0002342203698929
Q96MH2	HEXIM2	-1.60561669337229	0.0075300725529822
Q9BQ89	FAM110A	-1.47089237375695	0.0049395583538862
Q9BXX0	EMILIN2	-1.38389866218323	0.0092329056871223
Q9H336	CRISPLD1	-1.52066499243208	0.0013930340220984
Q9H3T3	SEMA6B	-2.97433165962568	0.0001052600306572
Q9HCB6	SPON1	-1.64547113443161	0.0028005352188355
Q9HCL0	PCDH18	-2.16784605915522	1.97297028119021e-05
Q9NQ88	TIGAR	-1.65613132942225	0.0060458986564472
Q9UBG0	MRC2	-1.66826873197588	3.4850251827122797e-22
Q9UIF7	MUTYH	-1.45872666437151	0.0008127097449953
Q9UKI2	CDC42EP3	-1.62346570864485	0.0002704554807852
Q9UNN8	PROCR	-1.59225326918024	1.51535944704228e-08
Q9Y2K2	SIK3	-2.10411519487615	0.0064593745848745
Q9Y2S2	CRYL1	-4.93408279846707	0.005609022759266
Q9Y6N7	ROBO1	-2.21959348386719	2.8368460451002897e-22
