Protein_Group	Genes	24h_vs_0h_logFC	24h_vs_0h_pval	Removed?	Contaminant?
A0A0J9YWL9	TEX13C	1.89439760512145	0.000725971314898642	No	No
A0A2R8Y4M4	LOC122513141	0.635976965873123	0.00024526034861001	No	No
A0A6Q8PH20	CAST	0.860797082487128	4.23909634915447e-07	No	No
A1L3X0	ELOVL7	1.11741593230278	0.00592571816887754	No	No
A1XBS5	CIBAR1	0.592656000135957	0.000128590103982644	No	No
A5A3E0	POTEF	0.680926335485509	0.000791100837418366	No	No
A8MZ97	C2orf74	0.698973204453214	0.00880925010282827	No	No
C9J7I0	UMAD1	0.512929519317531	0.000322274775377004	No	No
C9JLW8	MCRIP1	0.488981297373599	0.000741089098429587	No	No
E7ETH6	ZNF587B	0.812944191194187	9.89003253820733e-05	No	No
H0Y354;Q6L9T8	FAM72C;FAM72D	1.66042862489789	0.000132901717800887	No	No
O00151	PDLIM1	0.5618025937654	7.19322950814135e-06	No	No
O00244	ATOX1	0.673094940604201	8.26964088760496e-06	No	No
O14511	NRG2	0.604906393987289	0.000667194881930191	No	No
O14595	CTDSP2	0.527496592374714	2.54390243077349e-09	No	No
O14682	ENC1	1.33774989507378	9.85793847304184e-10	No	No
O14745	NHERF1	0.668412972646578	3.27835956356166e-08	No	No
O14904	WNT9A	1.0009417328189	3.48887954651814e-05	No	No
O14910	LIN7A	0.481330184919184	5.43037934236005e-05	No	No
O15231	ZNF185	1.96062494657167	0.00432263533048869	No	No
O15405	TOX3	0.521071087936832	0.00725510526491204	No	No
O43194	GPR39	0.539707635303582	0.000914165031840879	No	No
O43278	SPINT1	1.84610384695762	0.00817234615199123	No	No
O43312	MTSS1	0.746944368329807	2.11540158604665e-08	No	No
O43541	SMAD6	0.493110757925091	0.0086938148775583	No	No
O43716	GATC	0.556288192436355	0.000121931788350093	No	No
O43768	ENSA	0.52216977239102	0.000243043928078402	No	No
O43916	CHST1	1.67851358934461	1.57142595869051e-13	No	No
O60229	KALRN	0.649211435858922	0.00821469974261112	No	No
O60258	FGF17	0.761188591631022	0.00389710793398902	No	No
O60462	NRP2	0.845963883168146	7.25794122333621e-15	No	No
O60613	SELENOF	0.580836779131392	3.08488974493555e-06	No	No
O60739	EIF1B	0.585260289976418	5.27322858700523e-05	No	No
O60828	PQBP1	0.485885541704874	5.73501765555671e-05	No	No
O60911	CTSV	0.887878797818693	0.00301038162765796	No	No
O60936	NOL3	0.638012536211985	1.98845629600116e-05	No	No
O75084	FZD7	0.582796377520889	3.12189693374628e-05	No	No
O75154	RAB11FIP3	0.69049740120408	2.37085069322823e-06	No	No
O75157	TSC22D2	0.691449713708064	3.37808107193169e-07	No	No
O75293	GADD45B	1.00601159505918	1.30245043106212e-09	No	No
O75339	CILP	0.732893750756418	0.00825677255169502	No	No
O75368	SH3BGRL	0.50397948033212	2.25632825181003e-06	No	No
O76024	WFS1	0.491426980159176	5.85728085281796e-15	No	No
O76081	RGS20	0.699359108314113	0.00027660103927074	No	No
O94889	KLHL18	0.500537320194582	0.00231860622084199	No	No
O95359	TACC2	1.0940273840426	1.28382533577617e-07	No	No
O95409	ZIC2	1.55584528177931	1.47299594436351e-15	No	No
O95415	BRI3	0.535706730791855	0.0088196866089498	No	No
O95450	ADAMTS2	0.800939607904269	3.86956394347071e-19	No	No
O95502	NPTXR	0.643692168041682	8.64186333397968e-06	No	No
O95817	BAG3	1.13139479566341	1.43188551715562e-10	No	No
O95857	TSPAN13	0.481714196953082	0.00152673856549611	No	No
P02654	APOC1	0.771497332983994	0.00786441500952961	No	No
P04629	NTRK1	0.852435534271638	1.18687298249155e-15	No	No
P06454	PTMA	1.01131251466541	1.03561475944888e-05	No	No
P06753	TPM3	0.858610790951811	6.74080074189676e-07	No	No
P07093	SERPINE2	0.632293715556269	9.1643398657884e-09	No	No
P07108	DBI	1.04027717197595	4.59705765052251e-05	No	No
P07949	RET	0.6121854963578	1.38373831215481e-16	No	No
P08138	NGFR	1.33721452486815	1.1478894626607e-07	No	No
P08253	MMP2	0.618480408175518	8.74254237572149e-16	No	No
P08590;P05976	MYL1;MYL3	0.84257616044551	0.00087968862931054	No	No
P09493	TPM1	0.623040976638269	8.04587402924866e-05	No	No
P09496	CLTA	0.626956928379354	1.61990626340173e-06	No	No
P09497	CLTB	0.770359469967978	2.01059773512577e-06	No	No
P09619	PDGFRB	0.57574354106389	1.99821415185916e-13	No	No
P09958	FURIN	0.675951750075342	6.46093105708796e-07	No	No
P0DKB5	TPBGL	0.605895077827734	0.00534676519265068	No	No
P0DMQ5	INAFM2	0.653553588994942	4.04978030431255e-05	No	No
P0DP23;P0DP24;P0DP25	CALM1;CALM2;CALM3	0.614904050649159	7.87545219177468e-05	No	No
P10276	RARA	0.80576607529354	2.58081248731975e-12	No	No
P11362	FGFR1	0.69188364785408	3.80801331428827e-13	No	No
P11473	VDR	0.659587671232622	0.000613693607687216	No	No
P11532	DMD	2.81972798461193	2.34174690782298e-18	No	No
P11831	SRF	0.633763565330362	0.000988507621534221	No	No
P12109	COL6A1	0.829101246720484	1.58844480968676e-21	No	No
P12110	COL6A2	0.476959700871046	9.92896453512924e-13	No	No
P12755	SKI	0.540356908398568	6.12680011683384e-10	No	No
P13726	F3	0.482681084956422	4.07242922858457e-08	No	No
P14778	IL1R1	0.656183079541915	6.54128914781724e-06	No	No
P14921	ETS1	0.581543559259419	1.69192028630552e-10	No	No
P15104	GLUL	1.46504666704233	4.81908303905119e-06	No	No
P15408	FOSL2	0.621782905379426	4.57297827427691e-06	No	No
P15692	VEGFA	0.756997296138756	3.53107163472042e-06	No	No
P17676	CEBPB	0.953262197390337	5.60284434902243e-09	No	No
P17931	LGALS3	0.532864533103147	0.00311142503019885	No	No
P18827	SDC1	1.02725194656081	2.43633897393569e-09	No	No
P20591	MX1	1.32789595790613	0.00542758507221523	No	No
P20810	CAST	1.11096008918895	1.99594637157565e-05	No	No
P21291	CSRP1	0.932495887606269	0.000896121733089206	No	No
P22692	IGFBP4	0.873119610918852	2.27038666093221e-06	No	No
P23490	LORICRIN	2.64996907901017	0.000454403611763596	No	No
P23769	GATA2	0.567779164779079	0.000152707765211612	No	No
P23975	SLC6A2	0.939947593508926	0.000388026791565936	No	No
P24385	CCND1	0.585592768487448	2.99736638385282e-15	No	No
P24864	CCNE1	0.496172583884302	0.00086704139851521	No	No
P25398	RPS12	0.535333151004036	2.23580034882698e-05	No	No
P26012	ITGB8	0.506970179421071	0.00135801374147102	No	No
P26651	ZFP36	0.641645399565469	0.00803640883465119	No	No
P27482	CALML3	0.782470388412577	6.39182336980518e-06	No	No
P28360	MSX1	1.05161775923127	6.04037276993673e-11	No	No
P28799	GRN	0.556497573743858	6.15830215410966e-05	No	No
P29034	S100A2	1.47974476347004	0.00738721342921523	No	No
P29317	EPHA2	0.592224649068328	1.81582691322231e-18	No	No
P29373	CRABP2	0.811174348679295	2.61250090800844e-11	No	No
P30281	CCND3	0.822248619703263	1.46242100231743e-07	No	No
P31277	HOXD11	1.17679350038508	6.76856614845575e-05	No	No
P31431	SDC4	0.802068925857995	2.16868249765465e-14	No	No
P31947	SFN	3.87274795460066	0.0060758030117973	No	No
P33241	LSP1	1.29175360992062	1.0165580015252e-06	No	No
P33763	S100A5	0.646334895710382	0.000293313645882836	No	No
P36021	SLC16A2	0.564773860132409	3.84693851200823e-06	No	No
P36402	TCF7	1.2318315518519	4.95428473747751e-10	No	No
P36406	TRIM23	0.724833230341275	0.00563116573638498	No	No
P36954	POLR2I	0.478038279427018	0.000133975346910356	No	No
P38936	CDKN1A	0.834528529962121	2.60015191525104e-07	No	No
P41236	PPP1R2	0.647019334921932	3.58686736732408e-05	No	No
P41271	NBL1	1.10637530339312	0.00138268443397699	No	No
P42357	HAL	2.72547044128942	0.00698133586082517	No	No
P46527	CDKN1B	1.25149111730576	1.13352266475473e-08	No	No
P46937	YAP1	0.675065110350253	8.21373149857336e-06	No	No
P47895	ALDH1A3	1.32876677999165	0.00531005335207685	No	No
P47974	ZFP36L2	0.479295551517925	2.97038309203454e-05	No	No
P48029	SLC6A8	0.950185900485391	1.12116289978512e-14	No	No
P48436	SOX9	0.72003554047096	1.37179913983224e-08	No	No
P48742	LHX1	0.890902839958386	9.46798743506683e-13	No	No
P49006	MARCKSL1	0.475406320125142	5.9971736785233e-05	No	No
P49703	ARL4D	1.14784068091187	4.65733990822525e-17	No	No
P49716	CEBPD	0.528423912082822	0.00121586511654347	No	No
P49796	RGS3	0.796058394777887	9.41494949101747e-17	No	No
P49918	CDKN1C	3.29222809359895	9.19390550126995e-21	No	No
P50053	KHK	1.87274932609867	3.80080332153202e-15	No	No
P50238	CRIP1	0.924365568024889	0.00040776365344814	No	No
P51511	MMP15	3.02806990903307	1.24349523248839e-25	No	No
P52799	EFNB2	0.931080051980739	1.01038643296021e-13	No	No
P54727	RAD23B	0.686563045231036	8.38691507375545e-08	No	No
P54753	EPHB3	2.85384530750775	1.57228899632368e-23	No	No
P55285	CDH6	0.882882547037877	9.08578853275636e-05	No	No
P56178;Q07687	DLX2;DLX5	1.44591700723727	3.20529659814587e-07	No	No
P56179	DLX6	1.21438764922418	1.58690387778688e-06	No	No
P56945	BCAR1	0.712566594229582	4.4236998071995e-18	No	No
P57059	SIK1	1.26595760190215	2.86224583060312e-08	No	No
P59190	RAB15	0.577541834357415	0.0055321186930428	No	No
P60002	ELOF1	0.614856595877985	0.00143863794728165	No	No
P61587	RND3	0.504613008113523	2.51310055858258e-05	No	No
P62072	TIMM10	0.559083118182635	1.90066048047268e-05	No	No
P62079	TSPAN5	0.684974251240206	0.000733428568000124	No	No
P62253	UBE2G1	0.565238505935447	5.40686251855934e-05	No	No
P62328	TMSB4X	0.762413072452411	0.00699199854040348	No	No
P62633	CNBP	1.07628471597789	8.04355647028251e-07	No	No
P62745	RHOB	0.638610988493202	2.24232008998442e-06	No	No
P63241	EIF5A	0.476491244371445	8.70495716829886e-07	No	No
P67936	TPM4	0.588358710466562	1.50635202369968e-05	No	No
P78314	SH3BP2	0.699788413486282	2.72332627422773e-15	No	No
P78324	SIRPA	0.761270212856193	1.64441264151542e-12	No	No
P78411	IRX5	0.636325710463275	0.00483454563336295	No	No
P78426	NKX6-1	0.564796985601664	0.000383741556423956	No	No
P78504	JAG1	0.666207520804821	8.22311110514431e-09	No	No
P98095	FBLN2	0.690844357268766	1.70627544787441e-16	No	No
P98172	EFNB1	1.10378894009791	8.29395053326102e-19	No	No
Q00169	PITPNA	0.537744388646523	2.32603698011865e-07	No	No
Q01469	FABP5	1.26166443709715	0.00420273676049757	No	No
Q01543	FLI1	0.475058477331753	0.000145088575981643	No	No
Q01973	ROR1	0.759703880941018	9.10688374973127e-11	No	No
Q02818	NUCB1	0.545629142986353	0.000139456325150578	No	No
Q03167	TGFBR3	0.612509448080154	2.53049813605131e-09	No	No
Q04323	UBXN1	0.545707753643892	2.97891371848202e-06	No	No
Q04726	TLE3	0.744133730487945	3.3137113004363e-18	No	No
Q04828	AKR1C1	0.604873642405956	7.47679538613799e-05	No	No
Q0D2I5	IFFO1	0.52056828270079	1.18210176733357e-07	No	No
Q12778	FOXO1	0.6678231188205	1.50079011064414e-07	No	No
Q12809	KCNH2	0.614924194480981	1.36874589694612e-12	No	No
Q12866	MERTK	0.673122780955261	7.55502697711334e-05	No	No
Q12948	FOXC1	0.788432999198662	1.21474582163344e-11	No	No
Q12967	RALGDS	0.624911732628998	2.57245652097663e-07	No	No
Q13009	TIAM1	0.803121469420159	2.31142390168686e-12	No	No
Q13275	SEMA3F	2.09500647148349	1.26922742200582e-15	No	No
Q13495	MAMLD1	1.65159324868857	3.53046803200409e-08	No	No
Q13541	EIF4EBP1	0.824463642960406	1.46224826793543e-06	No	No
Q13542	EIF4EBP2	0.816156677043587	0.00027298768322146	No	No
Q13572	ITPK1	0.623390489565335	4.98058571239237e-13	No	No
Q13634	CDH18	0.491648038230451	0.00512196781391999	No	No
Q13642	FHL1	0.482617973455184	0.000407233486341469	No	No
Q13643	FHL3	0.698864708032513	1.03377872096639e-06	No	No
Q13950	RUNX2	0.675402335727977	9.19360301012061e-06	No	No
Q14050	COL9A3	1.19508764335508	2.23021796816365e-09	No	No
Q14135	VGLL4	0.527002348143732	2.21141724965602e-05	No	No
Q14153	FAM53B	0.654893213392047	3.05910825913302e-06	No	No
Q14192	FHL2	0.646979424165366	6.09316977303947e-06	No	No
Q14244	MAP7	0.646463358101215	0.00492930498981238	No	No
Q14439	GPR176	0.537406580278173	0.00161310800888368	No	No
Q14469	HES1	1.30754714088402	6.2552232249942e-16	No	No
Q14517	FAT1	0.805343989789872	5.90676924599542e-20	No	No
Q14956	GPNMB	1.84048847494541	0.00377687686918408	No	No
Q14D04	VEPH1	1.62067142929893	2.96577941563271e-12	No	No
Q15329	E2F5	0.55370439349878	0.00845337401053277	No	No
Q15506	SPA17	0.799542078726322	0.000737350535183912	No	No
Q15532	SS18	0.544234400201759	0.00126058431171281	No	No
Q15818	NPTX1	1.3583936518946	1.08787891564498e-18	No	No
Q15942	ZYX	0.492665715274345	9.31063104298942e-05	No	No
Q16623	STX1A	1.01657103923133	8.82295567102562e-08	No	No
Q16626	MEA1	0.815454788445336	2.51458783909636e-05	No	No
Q2M1K9	ZNF423	0.748302040262466	3.21650710442304e-13	No	No
Q2NKX9	C2orf68	0.705566532893929	0.00020914531005682	No	No
Q2TAP0	GOLGA7B	0.637386398227562	0.000429699902973682	No	No
Q2V2M9	FHOD3	1.20032924129465	1.01231096488411e-17	No	No
Q32MZ4	LRRFIP1	0.604780310986705	3.45364383796472e-06	No	No
Q3ZCW2	LGALSL	0.849899823347741	0.00612428959469523	No	No
Q495C1	RNF212	0.714449414090272	0.00547491983554152	No	No
Q4G0S4	CYP27C1	0.761506524279593	3.51192945516846e-07	No	No
Q502X0	MORN2	0.907867073282556	4.33793390166888e-06	No	No
Q53EU6	GPAT3	0.787306798055539	4.80715955675115e-06	No	No
Q53GA4	PHLDA2	0.798994594179486	8.35169248789854e-16	No	No
Q53GG5	PDLIM3	0.504803984502747	0.000660122387960764	No	No
Q58FG1	HSP90AA4P	0.644934769930018	0.00297605221719564	No	No
Q5KU26	COLEC12	0.921172674570641	8.46248906545863e-16	No	No
Q5M9Q1	NKAPL	0.779353164244021	0.000938465905170136	No	No
Q5SGD2	PPM1L	0.609797805868567	1.97268038945401e-14	No	No
Q5T953	IER5L	0.846358889974347	0.000905524591884111	No	No
Q5T9C2	EEIG1	1.23734518010723	1.69805262560798e-21	No	No
Q5TAA0	TTC22	1.33308898852301	0.00104845276308139	No	No
Q5TBA9	FRY	0.787670369124811	0.0027039314468039	No	No
Q5TCZ1	SH3PXD2A	0.955695820256821	0.00494894211956073	No	No
Q5TF58	IFFO2	0.8484000113192	0.00461269692639339	No	No
Q5VUM1	SDHAF4	0.562355949451035	0.00017839784831591	No	No
Q5VV17	OTUD1	0.840035490442197	9.73288716928967e-05	No	No
Q5VVQ6	YOD1	1.35933832851035	0.00499832670681247	No	No
Q5VY09	IER5	0.710024813349456	6.35820933390442e-06	No	No
Q684P5	RAP1GAP2	0.527005311888008	8.27840726976044e-14	No	No
Q68D20	PMS2CL	0.624332159624277	0.00291435119573404	No	No
Q69YZ2	TMEM200B	0.733222883358042	2.20628331517825e-13	No	No
Q6AZY7	SCARA3	0.512210927536199	2.42463817099655e-10	No	No
Q6FIF0	ZFAND6	0.660847343849102	6.35756666190865e-05	No	No
Q6IMN6	CAPRIN2	0.594415254641429	4.76842553183278e-08	No	No
Q6P988	NOTUM	0.705896356187662	2.25066151017431e-09	No	No
Q6ZMT4	KDM7A	0.73850806826508	1.00240777841771e-06	No	No
Q6ZNC4	ZNF704	0.805728279123439	4.69916095269972e-07	No	No
Q6ZTI6	RFLNA	0.620424281510527	0.0076331681002221	No	No
Q7L5L3	GDPD3	1.32358595161196	0.000429734433747262	No	No
Q7L5Y1	ENOSF1	0.483506638163853	0.000252703616967506	No	No
Q7LFL8	CXXC5	0.80464652253568	1.01042575664742e-10	No	No
Q7LGC8	CHST3	0.503302166178713	2.65427604483459e-11	No	No
Q7RTV0	PHF5A	0.517037747325499	0.000479631312790353	No	No
Q7Z3B1	NEGR1	0.519679683021256	0.0048507044454491	No	No
Q7Z7J9	CAMK2N1	1.84009091644392	6.76052166431796e-05	No	No
Q86SS6	SYT9	0.497264563522521	2.22188804256799e-07	No	No
Q86TH1	ADAMTSL2	1.81203004881021	1.36884182540044e-18	No	No
Q86UD0	SAPCD2	1.03403478465507	9.24065713819685e-20	No	No
Q86UD3	MARCHF3	1.06264532469795	8.36693686600136e-05	No	No
Q86UU0	BCL9L	0.499169049109732	0.000407485317710676	No	No
Q86VG3	IFTAP	0.614284761514238	0.00228197637501286	No	No
Q86VZ4	LRP11	0.663678335124832	1.01965261288898e-06	No	No
Q86WN1	FCHSD1	0.790924331252803	0.00830283894275226	No	No
Q86XX4	FRAS1	0.854146577562734	7.31873955489709e-17	No	No
Q86Y38	XYLT1	0.536130876890144	0.00404162846051289	No	No
Q86YV5	PRAG1	0.486313802232999	2.53542618212515e-06	No	No
Q8IUH2	CREG2	0.475813350826655	0.000262448765265888	No	No
Q8IV56	PRR15	0.54967827602923	0.00179960618369931	No	No
Q8IVF2	AHNAK2	0.866871515444743	3.57910912714505e-17	No	No
Q8IVM0	CCDC50	0.526987812084553	2.17222442893389e-05	No	No
Q8IWA4	MFN1	1.1115244254847	1.03965619303561e-23	No	No
Q8IWG1	DNAI3	4.21631966970565	6.53756961872452e-07	No	No
Q8IX03	WWC1	0.523144918766242	0.000615806217636912	No	No
Q8IX07	ZFPM1	1.00422508862318	1.70350432356084e-18	No	No
Q8IYK4	COLGALT2	0.484722345864689	0.00012101878801556	No	No
Q8IZJ1	UNC5B	0.829747413947818	2.46909136964051e-19	No	No
Q8IZV5	RDH10	0.942726986673993	1.15523648617491e-14	No	No
Q8N2M4	TMEM86A	1.20473576410663	0.00369985426683828	No	No
Q8N2R8	FAM43A	1.01769692371976	6.13160384489314e-11	No	No
Q8N300	SVBP	0.494136029981274	0.00723426236088186	No	No
Q8N4Q1	CHCHD4	0.518450720618009	3.53609403412691e-05	No	No
Q8N4Y2	CRACR2B	1.62129693443365	7.58141195533926e-11	No	No
Q8N5S9	CAMKK1	0.48388985431442	3.14266387925192e-08	No	No
Q8N961	ABTB2	1.92383755090982	6.28085114053788e-18	No	No
Q8NES3	LFNG	1.43644907201414	1.67001692109495e-11	No	No
Q8NEX9	SDR9C7	2.20569670352179	0.00794136990080751	No	No
Q8NEY1	NAV1	0.584244756334822	8.67947599196379e-20	No	No
Q8NFL0	B3GNT7	1.07122743795324	1.21978884059984e-10	No	No
Q8NFY4	SEMA6D	1.21586937191928	1.50170854109226e-13	No	No
Q8NHG8	ZNRF2	0.521201363065757	0.000299579978918832	No	No
Q8NI22	MCFD2	0.929111872252683	0.000354647002900085	No	No
Q8NI35	PATJ	0.506046550295501	0.000318419055672154	No	No
Q8TCT1	PHOSPHO1	0.886607759591961	1.00920610461068e-11	No	No
Q8TEJ3	SH3RF3	1.47405880348255	1.0292347854231e-09	No	No
Q8TF42	UBASH3B	0.620005441938943	3.87075820443669e-12	No	No
Q8WUH1	CHURC1	0.485268843038725	1.29414714367807e-05	No	No
Q8WUP2	FBLIM1	0.663589920831193	2.76860047412069e-07	No	No
Q8WUT4	LRRN4	0.550718661792921	1.1674646764012e-14	No	No
Q8WYQ9	ZCCHC14	0.806167881322093	4.41562546648197e-06	No	No
Q8WZ64	ARAP2	0.737581556019656	0.000710343755252264	No	No
Q92736	RYR2	0.60584147433995	0.00663112658768414	No	No
Q92784	DPF3	0.684461830989662	0.000208082515109464	No	No
Q92839	HAS1	10.7836798981309	2.6804189311826e-24	No	No
Q92859	NEO1	0.657928117368552	0.000822137696562753	No	No
Q92908	GATA6	1.70941730516322	1.01326450878689e-09	No	No
Q969R2	OSBP2	0.824359668869153	0.0072417096986448	No	No
Q969X1	TMBIM1	0.564711596352925	0.00139949826946998	No	No
Q96AW1	VOPP1	0.883548258400305	0.00329490475004204	No	No
Q96BR9	ZBTB8A	0.718636080037136	0.000332983373609518	No	No
Q96D15	RCN3	0.508431658595825	0.00279819376019777	No	No
Q96DU7	ITPKC	0.607539806703933	0.0019190492348303	No	No
Q96FT7	ASIC4	4.99719762178624	6.76849018207329e-24	No	No
Q96FX2	DPH3	1.21284184582504	0.000214225701781702	No	No
Q96G30	MRAP2	0.886485850397225	0.000810799409399902	No	No
Q96HA9	PEX11G	0.646972717832899	0.000702018591415976	No	No
Q96IZ0	PAWR	0.766872771462662	4.81099290631421e-06	No	No
Q96JB3	HIC2	0.580093065171809	0.00104320002192675	No	No
Q96JG8	MAGED4	0.641147037977277	1.1711551526203e-07	No	No
Q96JK9	MAML3	1.71664008036233	1.03276912306732e-14	No	No
Q96JY6	PDLIM2	0.765628692565478	1.58048179374251e-06	No	No
Q96MD7	C9orf85	0.83442443640557	0.00146984249084617	No	No
Q96MU6	ZNF778	0.794679320221789	0.00163001559456947	No	No
Q96NU1	SAMD11	2.55008250640882	6.24834278476898e-15	No	No
Q96T25	ZIC5	1.51420625661126	0.0012546953747447	No	No
Q99075	HBEGF	0.90891866453897	0.00114746231689364	No	No
Q99683	MAP3K5	0.501394704960578	1.63793228944074e-08	No	No
Q99958	FOXC2	0.648093179326324	1.73598692480837e-06	No	No
Q99966	CITED1	1.78977323935939	1.5473108935685e-07	No	No
Q9BPZ3	PAIP2	0.686965015789465	0.000374931417105501	No	No
Q9BQE6	LBHD1	1.13419242058717	0.0012061619167098	No	No
Q9BQE9	BCL7B	0.677053914907603	0.000250418251807434	No	No
Q9BSN7	TMEM204	0.752411570626208	1.76529503795008e-05	No	No
Q9BUD6	SPON2	1.43145067749892	1.72077588145193e-06	No	No
Q9BUW7	BBLN	0.475736944261001	0.000277614269963988	No	No
Q9BUX1	CHAC1	0.695861750809406	0.000473077794994898	No	No
Q9BV19	C1orf50	0.521116924320456	2.67452702761522e-06	No	No
Q9BV29	CCDC32	0.562212600486806	0.00177972269042901	No	No
Q9BX73	TM2D2	0.654218240863448	0.0018709233040712	No	No
Q9BXJ1	C1QTNF1	0.521788589258357	1.35478612485167e-09	No	No
Q9BXP8	PAPPA2	0.990001206967602	0.00157105500943144	No	No
Q9BXV9	GON7	0.518767040634181	0.00517313391875054	No	No
Q9BYJ1	ALOXE3	1.72036021142292	3.42959796710596e-06	No	No
Q9BZE0	GLIS2	0.546923454749358	5.66149350841222e-06	No	No
Q9BZJ4	SLC25A39	0.638302301450953	7.9919205286654e-09	No	No
Q9BZK3	NACA4P	1.49375979069636	0.00126815643316506	No	No
Q9GZV5	WWTR1	0.741204721652601	1.01722740003946e-06	No	No
Q9GZX9	TWSG1	0.72905857944242	0.000724040384101048	No	No
Q9H015	SLC22A4	0.603619296832999	0.00148475872855	No	No
Q9H098	FAM107B	0.485620221614088	0.000238376702503494	No	No
Q9H158	PCDHAC1	0.789751229405585	1.68454460806567e-07	No	No
Q9H1E1	RNASE7	3.18239551126952	0.00456239166419981	No	No
Q9H2A9	CHST8	1.79234842851657	5.53071864420344e-14	No	No
Q9H2E6	SEMA6A	0.761543845023557	2.85918663852833e-07	No	No
Q9H3Q1	CDC42EP4	0.528649401941763	8.69246870131203e-09	No	No
Q9H3Y8	PPDPF	0.480092454965302	0.0010111268892481	No	No
Q9H425	C1orf198	0.491634030122562	5.81290361486689e-05	No	No
Q9H4B4	PLK3	0.799511109143776	0.00498269427417077	No	No
Q9H4M9	EHD1	0.477974407007117	6.52722948140453e-14	No	No
Q9H4W6	EBF3	0.49217962331571	6.80033707572764e-16	No	No
Q9H910	JPT2	0.634825083543312	3.17566456904932e-05	No	No
Q9HAC8	UBTD1	0.590341518224097	0.00060509924066593	No	No
Q9HAK2	EBF2	0.671211382271693	2.09614218824338e-05	No	No
Q9HCH5	SYTL2	0.58154047616005	9.16062783009042e-09	No	No
Q9NQ84	GPRC5C	0.746095382371156	7.01287423824796e-15	No	No
Q9NQ92	COPRS	0.931886446103618	3.55053395066337e-05	No	No
Q9NQP4	PFDN4	0.758845997882471	3.99859616256689e-07	No	No
Q9NQU5	PAK6	1.42330163239911	9.99977808834544e-10	No	No
Q9NS15	LTBP3	0.604388483670618	0.00384538948257981	No	No
Q9NSA3	CTNNBIP1	2.22706513114874	0.00174473631515846	No	No
Q9NSB8	HOMER2	0.618371408314498	1.52370420551543e-05	No	No
Q9NSN8	SNTG1	0.971157542231524	0.000635131075885993	No	No
Q9NUQ6	SPATS2L	0.501138739721029	3.1124953066617e-12	No	No
Q9NX55	HYPK	0.612100723807426	6.57570406221784e-05	No	No
Q9P1U0	POLR1H	0.477439623067358	0.000515365259488643	No	No
Q9P212	PLCE1	0.824603449351258	3.71555215137884e-11	No	No
Q9P281	BAHCC1	0.717734995428579	4.7782305936308e-14	No	No
Q9P2M7	CGN	0.719161705142149	0.000938120545906491	No	No
Q9UBF6	RNF7	0.542880671753416	0.00436728756671394	No	No
Q9UBP4	DKK3	0.649159468885443	2.46731985045506e-05	No	No
Q9UBY9	HSPB7	0.664954208694436	2.18757236242243e-09	No	No
Q9UFD9	RIMBP3	1.49940801363491	3.83393289018585e-12	No	No
Q9UFG5	C19orf25	0.501871704333073	0.000219673229403455	No	No
Q9UI47	CTNNA3	1.73314806484807	1.74266287790542e-17	No	No
Q9UJY1	HSPB8	0.763796588038339	4.25697556832717e-06	No	No
Q9UK76	JPT1	0.59025184803815	3.69008787520786e-05	No	No
Q9UKF7	PITPNC1	0.615992667892119	6.86418122727651e-11	No	No
Q9UKY7	CDV3	0.589619350381362	4.94770418394435e-06	No	No
Q9UL51	HCN2	0.577116075555953	2.47650330264631e-07	No	No
Q9ULZ9	MMP17	0.880595053706578	1.15381384493526e-10	No	No
Q9UMX5	NENF	0.65037963795875	3.74377207790812e-05	No	No
Q9UN79	SOX13	0.530616080384682	0.00355862145410148	No	No
Q9UPX0	IGSF9B	1.08752933694464	0.000223771809616849	No	No
Q9UQC2	GAB2	0.479700985329032	3.47955085615854e-08	No	No
Q9UQF2	MAPK8IP1	0.745359764151118	1.19643148774216e-08	No	No
Q9Y2G0	EFR3B	0.544117515864329	2.76273848541093e-11	No	No
Q9Y2H0	DLGAP4	0.491536377481264	3.03867480794451e-08	No	No
Q9Y365	STARD10	0.651597066497942	0.00847949583014529	No	No
Q9Y3X0	CCDC9	0.52175732894462	4.30415615198457e-05	No	No
Q9Y4B5	MTCL1	0.473446874283674	3.55619638903229e-14	No	No
Q9Y4C0	NRXN3	0.650621788600464	8.9212364031358e-05	No	No
Q9Y4H2	IRS2	0.567565449136488	3.40873674368337e-15	No	No
Q9Y4K1	CRYBG1	1.43770979538318	0.00739935364449128	No	No
Q9Y5I4	PCDHAC2	0.481949898563279	2.7065433823411e-12	No	No
Q9Y5Z4	HEBP2	0.91800550292098	0.000155487780585259	No	No
Q9Y608	LRRFIP2	0.493563864548769	0.000603765002479934	No	No
Q9Y618	NCOR2	0.848703497627003	2.32514778041336e-21	No	No
A0A1W2PRN1	gene	-1.80426658381759	0.00206457167735062	No	No
A4UGR9	XIRP2	-0.64474160567449	8.67285301531028e-07	No	No
A5PL33	KRBA1	-0.522261769959041	8.22498505729219e-05	No	No
A6NMK8	INSYN2B	-0.719267802339576	5.27590115932341e-12	No	No
A8MVM7	gene	-0.902643163371849	0.00488667036229163	No	No
O00622	CCN1	-0.543076440160974	3.50980665957759e-05	No	No
O14519	CDK2AP1	-0.591816875341728	0.000663094289802376	No	No
O14770	MEIS2	-1.36207980466106	0.000756316680513621	No	No
O14921	RGS13	-0.565989133735528	1.28160402238339e-05	No	No
O14957	UQCR11	-0.794919795165409	4.69911269332231e-06	No	No
O14983	ATP2A1	-1.51748370883143	8.63091643775578e-10	No	No
O15121	DEGS1	-0.481330112953497	0.00131648197492465	No	No
O15239	NDUFA1	-0.508354783381918	4.08506873338227e-06	No	No
O15503	INSIG1	-0.586247902338584	0.000685598974576621	No	No
O15539	RGS5	-0.907616427750298	9.08152107763635e-09	No	No
O43556	SGCE	-0.557145100590031	1.77980939044034e-11	No	No
O43677	NDUFC1	-0.979643164357537	1.35780674260471e-07	No	No
O43678	NDUFA2	-0.539350990092519	3.25056506697899e-06	No	No
O43731	KDELR3	-0.530708151541084	0.000777112734360762	No	No
O43920	NDUFS5	-0.572891758545619	4.6257770369022e-09	No	No
O60290	ZNF862	-0.625533772595809	0.00165652352387389	No	No
O60721	SLC24A1	-5.78385138717589	1.31602327149598e-20	No	No
O75394	MRPL33	-0.601243356332986	2.00208272903852e-09	No	No
O75438	NDUFB1	-1.11730894210621	4.3601003235657e-08	No	No
O75473	LGR5	-0.493243285374721	2.19172181551062e-11	No	No
O75840	KLF7	-0.548238791300626	0.000707650834361153	No	No
O75865	TRAPPC6A	-0.621740154673219	0.00137582410837884	No	No
O95169	NDUFB8	-0.477705786260135	1.95480889356404e-06	No	No
O95182	NDUFA7	-0.587205366821081	3.55308620764921e-06	No	No
O95199	RCBTB2	-1.35646481832387	0.000393984283619191	No	No
O95298	NDUFC2	-0.506880617086832	2.78774538075158e-10	No	No
O95528	SLC2A10	-7.31569911317068	3.63980200005039e-11	No	No
O95751	LDOC1	-0.595157767083421	1.00511527825329e-08	No	No
O95863	SNAI1	-1.00607735653454	0.00128476196970207	No	No
P00156	MT-CYB	-0.901683024870369	5.96637651469617e-11	No	No
P00395	MT-CO1	-0.679435828473302	3.00695112772449e-12	No	No
P00734	F2	-0.767475456241062	0.0048148944999961	No	No
P00846	MT-ATP6	-1.00814067171683	2.71194121555669e-09	No	No
P02656	APOC3	-0.763689450052766	3.98072534348942e-05	No	No
P02730	SLC4A1	-0.545412009109405	0.00505979991035241	No	No
P03886	MT-ND1	-0.847902374881379	1.28244642607765e-08	No	No
P03891	MT-ND2	-0.746841942506297	7.73577209907782e-08	No	No
P03905	MT-ND4	-0.678434106932453	1.08426184804615e-09	No	No
P03915	MT-ND5	-0.732148018540528	1.08212303585199e-09	No	No
P04798	CYP1A1	-1.51213784769822	1.14087208282188e-17	No	No
P05546	SERPIND1	-0.527910730628886	0.00133909788113804	No	No
P07996	THBS1	-0.654964208510112	2.1277411062497e-09	No	No
P08493	MGP	-1.00031078868644	1.48921441841218e-10	No	No
P08949	NMB	-0.603567691281725	3.37994506392122e-05	No	No
P09669	COX6C	-0.625054740925588	1.40517801224543e-08	No	No
P0C7X2	ZNF688	-0.49661566185048	0.000104774345093088	No	No
P0CB38	PABPC4L	-0.581165349345426	1.06721676462994e-09	No	No
P10072	ZNF875	-0.583178791911241	0.000250686994699382	No	No
P10646	TFPI	-0.50321520143082	9.23814279847587e-05	No	No
P13521	SCG2	-0.587277580905852	9.53952831045589e-09	No	No
P13598	ICAM2	-0.497119757655138	0.000110210937160811	No	No
P14927	UQCRB	-0.522540078533623	8.4749875931425e-07	No	No
P15954	COX7C	-0.834113752960942	0.000603552933267289	No	No
P17031	ZNF26	-0.660415629027518	0.000302811062710786	No	No
P17516	AKR1C4	-0.934868917097166	0.000142464221589219	No	No
P17538;Q6GPI1	CTRB1;CTRB2	-0.688706846248454	0.00108514363516856	No	No
P17568	NDUFB7	-0.596587988820531	6.7168785815767e-10	No	No
P18085	ARF4	-0.494721456607117	8.24427188104e-05	No	No
P20827	EFNA1	-0.622149773029058	0.000298304711393086	No	No
P21741	MDK	-0.518321853859739	2.86988548386841e-05	No	No
P22455	FGFR4	-0.535381080291508	0.00580742952160066	No	No
P22492	H1-6	-0.666361606235977	0.00100124276298124	No	No
P24390	KDELR1	-0.572794981429873	6.90803510694763e-07	No	No
P28324	ELK4	-0.493976981797431	0.00195032865374538	No	No
P28358	HOXD10	-0.605316426452202	0.00999735363266394	No	No
P35354	PTGS2	-0.578881268358298	2.98101553637949e-14	No	No
P35625	TIMP3	-1.03045505614942	9.78381107924874e-05	No	No
P36956	SREBF1	-0.488717916798649	0.000205238151982532	No	No
P40189	IL6ST	-0.472718407148772	1.42460180124677e-14	No	No
P40617	ARL4A	-0.613133771396321	1.26265949576399e-05	No	No
P41220	RGS2	-0.759014840203946	2.38487114025483e-11	No	No
P43308	SSR2	-0.976930172453127	0.0073477109787139	No	No
P46695	IER3	-0.569944581758271	6.39131477241709e-06	No	No
P48058	GRIA4	-0.54602020896662	1.72254997021895e-07	No	No
P48307	TFPI2	-0.565521731910021	2.307086616411e-06	No	No
P49798	RGS4	-0.837614057291905	1.57343752269174e-11	No	No
P51606	RENBP	-0.529555498738681	0.00177065290222269	No	No
P51884	LUM	-0.629658243253299	2.26516395663378e-14	No	No
P55160	NCKAP1L	-0.766995197419346	0.000102297692196489	No	No
P56378	ATP5MJ	-0.61022155430512	2.00447575633915e-06	No	No
P58511	SMIM11	-1.23757123609878	3.15993223801854e-06	No	No
P60059	SEC61G	-0.908049490494278	0.00013371837647714	No	No
P62508	ESRRG	-0.918005077760466	5.02712009826899e-13	No	No
P78545	ELF3	-0.656315938349042	3.24970081686826e-05	No	No
Q00987	MDM2	-0.485143028125517	0.00512852965491038	No	No
Q02535	ID3	-1.05430683723435	1.4704262327319e-06	No	No
Q03936	ZNF92	-0.638192850850459	0.000694935478671352	No	No
Q04912	MST1R	-0.723228090137141	2.45447990606468e-06	No	No
Q0P651	ABHD18	-0.526509063318102	2.78648678722099e-06	No	No
Q10587	TEF	-0.621255758594003	0.00259755295591831	No	No
Q12983	BNIP3	-0.598976621830356	1.00052709740709e-07	No	No
Q13093	PLA2G7	-0.580443757704707	4.37887588074113e-05	No	No
Q13145	BAMBI	-0.8215807394145	0.00470016870431443	No	No
Q13268	DHRS2	-0.730010767698264	2.02644053277334e-06	No	No
Q13332	PTPRS	-0.545715687170809	3.1492743043799e-12	No	No
Q14094	CCNI	-0.653343886121089	5.74080673152714e-08	No	No
Q14573	ITPR3	-0.498182052511634	8.25305754253503e-05	No	No
Q15012	LAPTM4A	-0.782483461734593	3.10663186382439e-05	No	No
Q15935	ZNF77	-0.670285216853379	0.00187050134968665	No	No
Q1ZZU3	SWI5	-0.9544896570054	2.88299499494286e-06	No	No
Q24JQ0	TMEM241	-0.856662640553417	9.1594533603021e-05	No	No
Q4U2R6	MRPL51	-0.638602115234693	3.54444914552223e-05	No	No
Q504Y2	PKDCC	-0.907495473449476	0.00106340574852716	No	No
Q53FV1	ORMDL2	-0.553463943093544	3.52610272196934e-07	No	No
Q53HI1	UNC50	-0.654787679994863	0.00563036819888064	No	No
Q5EB52	MEST	-0.576910930070959	3.7155144255028e-07	No	No
Q5SWH9	TMEM69	-0.529431666665332	0.00177735706099961	No	No
Q5SXM1	ZNF678	-0.593948004159756	4.70411793503514e-06	No	No
Q5U649	C12orf60	-0.561605986329148	2.4056296339231e-07	No	No
Q5VUJ9	EFCAB2	-0.480510812661176	0.00577083783582344	No	No
Q5VVW2	GARNL3	-2.07225856440905	2.69580094161754e-07	No	No
Q68CJ9	CREB3L3	-1.22537906088551	1.14666674144592e-05	No	No
Q68DA7	FMN1	-0.497670939669025	1.94254731432292e-13	No	No
Q6ISB3	GRHL2	-2.85140709554169	0.000123429422772047	No	No
Q6UW78	UQCC3	-0.615308801018937	2.86255069337833e-06	No	No
Q6UWH4	GASK1B	-1.02616305535377	0.00148133177664988	No	No
Q6UWS5	PET117	-0.619048553174096	3.73125251830802e-07	No	No
Q6ZS86	GK5	-0.516725109871768	4.30536407524288e-05	No	No
Q6ZT98	TTLL7	-0.513064136479436	3.35129112104533e-09	No	No
Q7LFX5	CHST15	-7.02247614221312	2.37557042538292e-09	No	No
Q7RTV3	ZNF367	-0.532469114182792	0.0033831425469251	No	No
Q7Z3B0	SMIM15	-1.00076088082639	0.000369386278027256	No	No
Q7Z3Q1	SLC46A3	-0.87306640448006	1.43019350556526e-05	No	No
Q7Z5B4	RIC3	-3.98469212720086	4.44085529351355e-20	No	No
Q86SQ4	ADGRG6	-0.51961912785114	4.99592916596656e-12	No	No
Q86UT8	CENATAC	-0.512221088789893	0.000298779770316202	No	No
Q86Y97	KMT5C	-0.738185967293891	1.62171598374511e-05	No	No
Q86YE8	ZNF573	-0.983152649196237	0.00668522600943452	No	No
Q8IXH6	TP53INP2	-0.65128133122052	0.00028112904513463	No	No
Q8N138	ORMDL3	-0.545304354598784	7.81697876835201e-05	No	No
Q8N3G9	TMEM130	-0.650906126416949	2.68943044072799e-05	No	No
Q8N4T4	ARHGEF39	-0.6437505904908289	1.88666575640367e-05	No	No
Q8N5G0	SMIM20	-0.601732224931517	9.09229635013039e-05	No	No
Q8N5M9	JAGN1	-0.572333378345757	9.06666205652303e-08	No	No
Q8N6L1	KRTCAP2	-0.508371655687913	8.94506169465842e-05	No	No
Q8N7M2	ZNF283	-0.535819412114257	0.000911260392199792	No	No
Q8N9L9	ACOT4	-0.475442802709654	4.869516975017e-05	No	No
Q8NCU4	CCDC191	-0.574034862267018	0.00187695363332736	No	No
Q8NER5	ACVR1C	-0.658471446779927	0.00450521740146499	No	No
Q8TCC3	MRPL30	-0.473843193384436	1.41524536438187e-07	No	No
Q8TCD1	C18orf32	-0.554655243905895	2.25263575077533e-05	No	No
Q8TF66	LRRC15	-0.630427101028715	0.000932823891654321	No	No
Q8WUW1	BRK1	-0.671952958622864	0.000260222972128183	No	No
Q8WVX3	ARLN	-0.480617295571072	0.00142387386746042	No	No
Q8WY64	MYLIP	-0.517682893900581	0.0037509597309826	No	No
Q8WYB5	KAT6B	-0.490820266158007	3.25599528640743e-07	No	No
Q8WYN3	CSRNP3	-0.988819543490536	0.00861494787311948	No	No
Q92954	PRG4	-1.12324879194198	0.000299639327092702	No	No
Q969I6	SLC38A4	-0.694663670473386	0.00155232266000158	No	No
Q969S0	SLC35B4	-0.512728994990503	0.000197454792220922	No	No
Q969Y0	NXPE3	-0.475757263712431	8.08764470560419e-08	No	No
Q96B49	TOMM6	-0.755409342023128	4.16747843914605e-08	No	No
Q96BP2	CHCHD1	-0.851321601596695	4.69221271390152e-06	No	No
Q96D05	FAM241B	-0.623153826112794	0.000129886610163574	No	No
Q96E16	SMIM19	-1.07839728507732	3.52201662264844e-05	No	No
Q96H40	ZNF486	-0.501466386085077	0.00274429382355693	No	No
Q96I13	ABHD8	-0.551072605249001	0.00228609426434426	No	No
Q96MF6	COQ10A	-0.674765144177151	4.79363645396247e-08	No	No
Q96NB1	CEP20	-0.665813919551255	1.14887678585661e-05	No	No
Q96NT3	GUCD1	-0.984655959597632	0.000594537665019036	No	No
Q96QD8	SLC38A2	-0.678965868681168	3.61922828604086e-11	No	No
Q99643	SDHC	-0.527451641791981	0.000329902354037639	No	No
Q99687	MEIS3	-0.505555396968344	0.000453173590442142	No	No
Q9BQ48	MRPL34	-0.642869367467028	3.79821678235305e-06	No	No
Q9BQC6	MRPL57	-0.534107333716133	2.88941104908947e-07	No	No
Q9BRQ5	ORAI3	-0.852210209967154	1.58096358488754e-05	No	No
Q9BRV3	SLC50A1	-0.691391414975683	0.000471954803196891	No	No
Q9BSK0	MARVELD1	-1.01604650685184	0.000307160934381511	No	No
Q9BUV0	RSRP1	-0.704692892148611	0.00275568416247142	No	No
Q9BWC9	CCDC106	-0.889242982489531	4.38771203285441e-06	No	No
Q9BXI9	C1QTNF6	-0.539792180098473	0.00598338894292437	No	No
Q9BXJ4	C1QTNF3	-0.515010096723998	0.00614709015993093	No	No
Q9BY76	ANGPTL4	-0.89122838625946	3.03708487585286e-08	No	No
Q9GZP1	NRSN2	-0.557023150189199	6.12036810979575e-06	No	No
Q9H0B8	CRISPLD2	-0.640734527873647	0.00361589733239602	No	No
Q9H0Q0	CYRIA	-0.538172975911987	0.00754144392429903	No	No
Q9H2A3	NEUROG2	-0.610569262398649	5.24882386261726e-07	No	No
Q9H3M7	TXNIP	-0.579957098216351	1.31211164770676e-13	No	No
Q9H4I9	SMDT1	-0.634122464150849	0.00164607016449114	No	No
Q9H7X0	NAA60	-0.49255491610058	0.000190424478729579	No	No
Q9H8G1	ZNF430	-0.497002606606344	2.55055132872683e-05	No	No
Q9NP84	TNFRSF12A	-0.576945487278593	3.39769369950087e-06	No	No
Q9NPD5	SLCO1B3	-1.54168078420479	9.27668708210531e-06	No	No
Q9NQL2	RRAGD	-1.27096304363133	2.58531699993469e-07	No	No
Q9NQX6	ZNF331	-0.643311239181134	0.00164998456525541	No	No
Q9NRG0	CHRAC1	-0.551886543247623	2.47530061900072e-07	No	No
Q9NU23	LYRM2	-0.536644596139819	4.10588806042978e-05	No	No
Q9NUN7	ACER3	-0.686189309922796	0.00165944555849296	No	No
Q9NVA1	UQCC1	-0.522288486892297	6.1018414752025e-08	No	No
Q9NVS2	MRPS18A	-0.550256050245384	1.36736764459845e-08	No	No
Q9NZ42	PSENEN	-1.01869987999718	1.36543530393393e-05	No	No
Q9P015	MRPL15	-0.505829675786995	1.53399403782333e-13	No	No
Q9P0M9	MRPL27	-0.52062683874134	2.09845217942724e-05	No	No
Q9P0S3	ORMDL1	-0.724280852182968	6.38129888616015e-07	No	No
Q9P0U1	TOMM7	-0.568506313252652	1.10946812927654e-07	No	No
Q9P1V8	SAMD15	-0.6491889364172	0.000478157673497047	No	No
Q9UBU2	DKK2	-0.735223931187335	5.62174606734464e-06	No	No
Q9UBX8	B4GALT6	-0.48207684540521	7.39554934786887e-07	No	No
Q9UHG2	PCSK1N	-1.075478616184	0.0026945852969323	No	No
Q9UII5	ZNF107	-0.895332089295465	0.00143668467101568	No	No
Q9UKS7	IKZF2	-5.31707455716564	8.98992631331916e-27	No	No
Q9UM47	NOTCH3	-0.507034069422581	0.000155095131761387	No	No
Q9UNP4	ST3GAL5	-0.558225608681617	4.28452023815934e-08	No	No
Q9UQM7	CAMK2A	-0.506811542101168	0.0071445335278157	No	No
Q9Y6A9	SPCS1	-0.577339604811648	5.53091289059387e-05	No	No
Q9Y6F1	PARP3	-0.563036256743345	0.00077318799496327	No	No
Q9Y6M9	NDUFB9	-0.570671678481002	9.58708546763284e-11	No	No
