Protein_Group	Genes	T47D_ResA_p26_vs_T47D_logFC	T47D_ResA_p26_vs_T47D_pval	Removed?	Contaminant?
A0A494C030	LOC114841035	1.43901021848714	0.0003521340446311	No	No
A1A5C7	SLC22A23	1.26542353801033	1.20588381375044e-21	No	No
A1L170	C1orf226	1.2549072032782	1.3644759325519201e-14	No	No
A4D161	FAM221A	1.2475355268105	0.0033541518385728	No	No
A4D1S0	KLRG2	1.04635426254052	7.0424775399599e-25	No	No
A6NP11	ZNF716	1.12967713466677	0.0008509522345499	No	No
B4DXR9	ZNF732	1.33681795083042	0.0008601415308213	No	No
B5MCN3	SEC14L6	1.55418172744573	1.98835410118134e-05	No	No
O00391	QSOX1	1.01667037114736	1.96913125821588e-23	No	No
O00499	BIN1	1.19462028035023	5.50743925322311e-06	No	No
O00622	CCN1	1.03605910745806	1.9831031443226e-08	No	No
O14879	IFIT3	2.59720915094653	1.08151272358869e-08	No	No
O43240	KLK10	3.29412907070517	1.10208118867711e-19	No	No
O43521	BCL2L11	1.03455173489135	0.0075346080118619	No	No
O60688;Q96QA6	YPEL1;YPEL2	1.38588019859635	6.72461577345957e-07	No	No
O60701	UGDH	1.34277914142107	2.13331727920926e-35	No	No
O60779	SLC19A2	1.11660484463218	7.59255583865235e-08	No	No
O60829	PAGE4	1.41946638486508	1.36164178779493e-21	No	No
O75052	NOS1AP	1.21124423986172	6.02618685024103e-22	No	No
O75373	ZNF737	1.40786516201017	0.0001609442512234	No	No
O75582	RPS6KA5	1.08362460885134	5.766135478760691e-10	No	No
O75907	DGAT1	1.23920566207878	7.462408271911051e-25	No	No
O76054	SEC14L2	1.27463879921687	4.94023511315712e-05	No	No
O76087;P0CL80;P0CL81;P0CL82	GAGE7;GAGE12F;GAGE12G;GAGE12I	2.31224070151289	8.209041495259001e-27	No	No
O95154	AKR7A3	1.04623121096631	1.42273296913093e-08	No	No
O95263	PDE8B	1.30193214820934	0.0001384579006093	No	No
O95398	RAPGEF3	1.24624133608602	0.0023274310267213	No	No
O95786	DDX58	1.48675381675243	7.85679178459616e-32	No	No
O95864	FADS2	1.36130432498854	3.5536559260184603e-14	No	No
O96017	CHEK2	1.04558323064537	3.91709187029127e-24	No	No
P00747	PLG	1.67693622841761	5.51100930978863e-07	No	No
P00973	OAS1	2.84955475915311	2.28898679003264e-10	No	No
P05090	APOD	1.03013924020517	3.06254492462608e-15	No	No
P05161	ISG15	3.54200795291345	5.55115523967115e-31	No	No
P06731	CEACAM5	1.13829941297716	0.000107913647539	No	No
P09913	IFIT2	2.14296735489871	5.29274516573139e-06	No	No
P09914	IFIT1	2.35539843484466	3.7010580048000704e-14	No	No
P0CG41;Q8IX94	CTAGE8;CTAGE4	1.72550433357603	0.0027507832496601	No	No
P0DTW1	GAGE1	4.82812025005293	4.60083775104029e-12	No	No
P12277	CKB	1.17536074527721	1.11393939584332e-05	No	No
P15259	PGAM2	1.35018066114229	0.000315386273599	No	No
P15289	ARSA	1.28006910674902	1.20944609250468e-28	No	No
P16104	H2AX	1.06750481259903	0.0044277429329091	No	No
P16260	SLC25A16	1.28546015072144	2.45241253425743e-27	No	No
P16671	CD36	2.08600409120045	2.1645502313881e-08	No	No
P17019	ZNF708	1.45985258823302	0.0016903937427817	No	No
P17038	ZNF43	1.22175425458588	9.65343679957315e-08	No	No
P17096	HMGA1	1.36796663933338	3.72805482241046e-15	No	No
P17600	SYN1	1.89508384948129	9.72455225373368e-10	No	No
P17735	TAT	1.61354594618881	2.0434575768452e-05	No	No
P20591	MX1	4.40188108166696	3.2107435078025302e-24	No	No
P21695	GPD1	1.49032089251912	1.3965104375625e-23	No	No
P21741	MDK	1.06431897287895	1.44324447788081e-05	No	No
P22674	CCNO	1.4404561610983	0.0045381757729296	No	No
P24298	GPT	1.26433717467624	3.23467995555363e-05	No	No
P24593	IGFBP5	1.17245814619402	4.76609555822093e-23	No	No
P25311	AZGP1	1.54515063542244	6.98519074312689e-06	No	No
P25942	CD40	1.03875734888375	1.54040100471043e-07	No	No
P29728	OAS2	3.43505455877079	5.77492828388952e-32	No	No
P29966	MARCKS	2.26969937422624	1.93328261222285e-05	No	No
P30874	SSTR2	1.0538663010524	0.001238932351532	No	No
P31274	HOXC9	1.2769307778335	0.0018896808570846	No	No
P31513	FMO3	2.6954377269553	8.33503005562669e-12	No	No
P33908	MAN1A1	2.30503806850075	3.30563300966345e-24	No	No
P34741	SDC2	2.14587465362939	1.67860219527558e-41	No	No
P35610	SOAT1	1.0902283433564	1.82942931795161e-16	No	No
P40199	CEACAM6	1.10040653118272	0.0018477387806012	No	No
P42224	STAT1	1.1174141769166	2.24398243644847e-34	No	No
P43005	SLC1A1	1.42762664732926	0.0013217647648777	No	No
P43355	MAGEA1	1.73827751550558	6.38082006359727e-14	No	No
P43357	MAGEA3	2.08533118678944	1.07017008758731e-09	No	No
P46821	MAP1B	1.53090257511306	0.0001583800831226	No	No
P48431	SOX2	1.26167665487841	4.47720349568354e-12	No	No
P50135	HNMT	1.72061305445635	8.7362889859483e-08	No	No
P51161	FABP6	2.52431680165715	3.71390796665692e-12	No	No
P51513	NOVA1	2.09740996047671	1.14488711570982e-12	No	No
P51606	RENBP	2.03622870777587	4.13704023903978e-08	No	No
P52566	ARHGDIB	1.1031476310478	8.57161623130229e-12	No	No
P52741	ZNF134	1.40825444333054	1.75839523931727e-05	No	No
P53985	SLC16A1	1.15530198593023	1.2711805132581199e-11	No	No
P54108	CRISP3	2.86674253737463	1.33150339602846e-13	No	No
P54253	ATXN1	1.23809119886303	7.04932992154247e-21	No	No
P54289	CACNA2D1	1.4619517459419	4.44688509315957e-34	No	No
P54803	GALC	1.27656449444111	1.87233479993518e-39	No	No
P54868	HMGCS2	4.11734956265247	7.296278140242091e-25	No	No
P55809	OXCT1	2.70238181504332	3.4533394798325297e-12	No	No
P55851	UCP2	1.77732241659435	4.673189038851439e-11	No	No
P59796	GPX6	1.05009530539573	6.32990169841285e-05	No	No
P61925	PKIA	3.28502240766865	5.146507385502899e-44	No	No
P62324	BTG1	1.54981780685026	2.25186769273365e-11	No	No
P78337	PITX1	1.20527458086401	1.06167339632707e-13	No	No
P78395	PRAME	1.29298004478099	1.4534939505286198e-11	No	No
P78540	ARG2	1.09591085349053	1.09623482344735e-17	No	No
P80365	HSD11B2	1.18049027092785	4.20381783201637e-08	No	No
P98198	ATP8B2	1.20810117907088	2.20658847853388e-05	No	No
Q00534	CDK6	2.11404435331458	1.7366895825698101e-19	No	No
Q00978	IRF9	1.8954623721864	1.24274383563445e-06	No	No
Q00G26	PLIN5	1.03308903259581	0.0001668054032585	No	No
Q01628	IFITM3	1.01235633032342	2.19194225466933e-05	No	No
Q03167	TGFBR3	1.77233581934772	2.29780161106573e-08	No	No
Q05481	ZNF91	1.10194748436547	0.0002799617157869	No	No
Q07687	DLX2	1.12144259381748	2.96998460677461e-05	No	No
Q12791	KCNMA1	1.03604264557088	2.4978762921714097e-12	No	No
Q13069	GAGE5	3.86167909156082	3.3862343798663204e-24	No	No
Q13325	IFIT5	1.12681966439246	7.464291342882961e-20	No	No
Q13576	IQGAP2	1.23236793569637	0.0005479113421194	No	No
Q14019	COTL1	1.07484851576608	3.06340907003899e-12	No	No
Q14449	GRB14	1.93943179187462	4.31646065417622e-05	No	No
Q14894	CRYM	3.19647160701707	3.87334367838808e-12	No	No
Q15646	OASL	2.09929556188758	5.65966174451278e-17	No	No
Q16385	SSX2B	2.17932690385298	3.05931489016885e-16	No	No
Q2I0M4	LRRC26	1.55651178837146	1.82572738273234e-06	No	No
Q2VYF4	LETM2	1.16655060522617	3.34209707945286e-05	No	No
Q460N5	PARP14	1.07920111501086	1.6262183785914802e-20	No	No
Q4V321	GAGE13	2.77714420372684	1.78358045924347e-20	No	No
Q58EX7	PLEKHG4	1.54680552798413	4.32983292930221e-06	No	No
Q5H9U9	DDX60L	1.0541619275633	0.0001661646557038	No	No
Q5HY92	FIGN	1.14240032193294	0.0072361894947478	No	No
Q5K651	SAMD9	1.91272632539736	1.46188758690328e-13	No	No
Q5SXH7	PLEKHS1	1.15057145542832	1.06411467639311e-05	No	No
Q5SZD1	C6orf141	1.00351038560664	7.40904253208587e-05	No	No
Q5T013	HYI	1.59572429315392	2.11232276444888e-08	No	No
Q5VUG0	SFMBT2	1.38667512656146	0.0001315243338052	No	No
Q68D51	DENND2C	1.01976457536679	0.0020402474420077	No	No
Q6IQ19	CCSAP	1.36492943177114	0.0001081220119112	No	No
Q6PCE3	PGM2L1	1.45768538990935	3.3824126427011102e-21	No	No
Q6UWI4	SHISA2	1.23885409731291	4.26790289966494e-08	No	No
Q6ZRF7	ZNF818P	1.66994084900479	0.0002706406386973	No	No
Q7L266	ASRGL1	1.95154536361707	5.07084623290553e-07	No	No
Q7Z2Z1	TICRR	1.10408812380557	1.04869904054748e-05	No	No
Q7Z7D3	VTCN1	1.13417031301968	6.54164966792007e-08	No	No
Q86V24	ADIPOR2	1.27212003470933	0.0004020407340873	No	No
Q8IVU3	HERC6	1.74739524521631	2.66364403354733e-06	No	No
Q8IXQ6	PARP9	1.48068085683462	6.41541457537932e-32	No	No
Q8IY21	DDX60	2.142026305383	2.7667265692355404e-19	No	No
Q8N118	CYP4X1	1.15988647245984	9.425829865626691e-17	No	No
Q8N5U6	RNF10	1.10878693477469	5.9028289414793e-28	No	No
Q8N884	CGAS	1.25375008152825	9.30225482246313e-05	No	No
Q8N9F0	NAT8L	1.11256431433346	1.8780552950096298e-11	No	No
Q8NBQ7	AQP11	1.17968330878888	3.50537130244463e-06	No	No
Q8NDZ4	DIPK2A	1.77386518066008	2.63426727250473e-51	No	No
Q8NEG4	FAM83F	1.52060526462484	1.02467843072992e-16	No	No
Q8NFB2	TMEM185A	2.1789248051528	1.38252712711469e-13	No	No
Q8NFT2	STEAP2	1.80138994307395	3.38634436879175e-21	No	No
Q8NFX7	STXBP6	2.18808632250894	0.0001661536976223	No	No
Q8TCZ2	CD99L2	1.72657498962221	1.8435096297851899e-28	No	No
Q8TDB6	DTX3L	1.36270619072916	4.87486498802374e-38	No	No
Q92478	CLEC2B	1.67332821857331	1.28427205782069e-10	No	No
Q92597	NDRG1	1.17093222692326	1.60140303785106e-07	No	No
Q92777	SYN2	1.45535605286873	0.0009219635483811	No	No
Q92985	IRF7	1.85032288823098	4.17032612094016e-08	No	No
Q93084	ATP2A3	1.02814376272649	2.30419183025503e-38	No	No
Q93099	HGD	1.33797313802952	1.45995928316342e-06	No	No
Q96CS4	ZNF689	1.01022853237147	0.0042540495012069	No	No
Q96DN0	ERP27	1.87002568237646	4.18046879888866e-13	No	No
Q96EM0	L3HYPDH	1.30177608614487	3.9664179624974904e-14	No	No
Q96FS4	SIPA1	1.59902134151671	4.96889307367145e-13	No	No
Q96GY0	ZC2HC1A	4.19138431185238	1.13215624492239e-48	No	No
Q96H40	ZNF486	1.67794446605402	4.46244070718704e-06	No	No
Q96MK2	RIPOR3	3.71197876584222	0.0008440617375054	No	No
Q96NE9	FRMD6	1.21094909064084	9.90528197783349e-07	No	No
Q96NY7	CLIC6	1.5314175633656	5.48010941309823e-10	No	No
Q96P15	SERPINB11	1.99147792470085	2.16932275020888e-08	No	No
Q96PM9	ZNF385A	1.07277369800689	3.41566337472286e-37	No	No
Q99576	TSC22D3	1.00702779558118	0.0003183450053056	No	No
Q99608	NDN	3.63255862159949	2.26751471163517e-09	No	No
Q99856	ARID3A	1.20889122398575	1.2091567179044e-09	No	No
Q99985	SEMA3C	1.06238783722505	6.07307429558434e-10	No	No
Q9BW04	SARG	1.02170411988156	0.0014475567790615	No	No
Q9BX66	SORBS1	2.36528195223923	3.65915134735694e-23	No	No
Q9BY50	SEC11C	1.47527084831859	2.52239235366373e-27	No	No
Q9BYK8	HELZ2	1.11304241087514	1.73491465489294e-22	No	No
Q9BYX4	IFIH1	1.0351849371382	1.28536894323897e-16	No	No
Q9BZI1	IRX2	2.07198829951424	1.96752636922264e-15	No	No
Q9C091	GREB1L	1.36030379053683	2.40921476485716e-06	No	No
Q9C0K1	SLC39A8	1.76337052384106	9.36960010124233e-07	No	No
Q9H320;Q9H321;Q9H322;Q9NNX9	VCX;VCX3B;VCX2;VCX3A	1.1200012288272	0.0053353576251069	No	No
Q9H336	CRISPLD1	1.44879085972645	0.0039447467516168	No	No
Q9H4D0	CLSTN2	1.42262312490472	0.001482788124916	No	No
Q9H568	ACTL8	2.34468743297311	1.3368317711156199e-11	No	No
Q9H7S9	ZNF703	1.66444836298766	9.49616929038519e-16	No	No
Q9H816	DCLRE1B	1.23171945242503	1.79477460182915e-05	No	No
Q9HD47	RANGRF	1.65523255343033	0.0011947626139282	No	No
Q9NQ36	SCUBE2	1.72823519556564	2.9683299784377003e-22	No	No
Q9NRN5	OLFML3	3.33764929753579	4.42334251363663e-40	No	No
Q9NRZ5	AGPAT4	1.49512021927673	4.53980939710254e-06	No	No
Q9NYP3	DONSON	1.0557497825772	0.0026918646975268	No	No
Q9NZ71	RTEL1	1.37362338899112	7.82219226241653e-06	No	No
Q9NZC4	EHF	1.11375958793018	4.367992918887251e-09	No	No
Q9P291	ARMCX1	1.73251451967123	7.42029330617038e-12	No	No
Q9P2F8	SIPA1L2	1.23678827391385	7.76520647961633e-05	No	No
Q9UHE8	STEAP1	3.80465411864161	7.73020709288579e-18	No	No
Q9UII4	HERC5	2.33361149190806	5.20224554037884e-09	No	No
Q9UJH8	METRN	1.14931061569595	0.0013337506665415	No	No
Q9UMW8	USP18	1.64216230735926	2.38763403688243e-09	No	No
Q9UN67	PCDHB10	1.09376225520334	2.86916398074665e-06	No	No
Q9UPW6	SATB2	1.19699362196319	0.0027551324068915	No	No
Q9UQC2	GAB2	1.15181106293438	1.96697251981192e-11	No	No
Q9UQV4	LAMP3	2.53163894899946	2.38021245612444e-18	No	No
Q9Y2E6	DTX4	1.30473656127874	2.57726032213854e-05	No	No
Q9Y2X9	ZNF281	1.01672844319375	1.76249971072375e-32	No	No
Q9Y6K5	OAS3	1.16877595876103	3.75248502210921e-26	No	No
Q9Y6M1	IGF2BP2	2.56341169208749	1.12101628876459e-33	No	No
A2A2Y4	FRMD3	-1.64920594545483	0.0013631893923719	No	No
A2RU49	HYKK	-1.43306320933172	6.6621513101937e-17	No	No
A2RUS2	DENND3	-2.68127822805545	4.4100301692697195e-11	No	No
A4D1S5	RAB19	-1.43709850894049	1.37398296689063e-32	No	No
A6NC05	C5orf63	-1.04621134700634	0.005030825645903	No	No
A6NDB9	PALM3	-1.06989831597799	5.41004131606645e-07	No	No
B0YJ81	HACD1	-1.0278594670358	7.71866286451696e-09	No	No
H3BPM6	MKRN2OS	-1.27270969576047	0.0029080081506605	No	No
O00757	FBP2	-1.09013069750301	6.6390004191326095e-18	No	No
O14810	CPLX1	-1.40853851837339	0.0001034846475713	No	No
O15068	MCF2L	-1.44534533976378	1.8875093362416502e-20	No	No
O15327	INPP4B	-1.37585678402783	1.20630379717962e-32	No	No
O15427	SLC16A3	-1.06693014175154	9.56924200426423e-25	No	No
O15431	SLC31A1	-1.34290926337565	5.87416060983327e-06	No	No
O15484	CAPN5	-1.14021926446105	6.40482661332639e-08	No	No
O15488	GYG2	-1.51451167683754	1.27151597573868e-05	No	No
O43556	SGCE	-1.72463955738895	3.69067855875671e-10	No	No
O60241	ADGRB2	-1.21587640086847	0.0004311296449182	No	No
O60268	KIAA0513	-1.05065936478521	7.313904243166151e-25	No	No
O60343	TBC1D4	-1.40167604724458	2.60269248328637e-29	No	No
O60437	PPL	-1.064289597756	3.7987658468042904e-35	No	No
O75503	CLN5	-1.41019150636916	5.52649474985294e-25	No	No
O76082	SLC22A5	-1.00881468688782	3.18388051583613e-15	No	No
O95255	ABCC6	-1.42369881906078	1.0171003562806101e-21	No	No
O95274	LYPD3	-1.03168223403033	2.64898387725179e-06	No	No
O95466	FMNL1	-1.02225027362573	0.0008767111564461	No	No
O95479	H6PD	-1.01084704098218	1.59914671657638e-32	No	No
O95834	EML2	-1.07549661407168	8.83412977910675e-14	No	No
O95848	NUDT14	-2.08997369405135	3.27068971275188e-11	No	No
P03971	AMH	-1.33992429285878	3.02750585785484e-06	No	No
P04083	ANXA1	-1.06237070435878	4.19719292580113e-13	No	No
P04233	CD74	-1.77420471449014	1.39415817962747e-13	No	No
P04798	CYP1A1	-2.31673218004826	0.0089733844149405	No	No
P05091	ALDH2	-1.82979162651016	1.00213914323109e-36	No	No
P05997	COL5A2	-1.67485396468259	1.01302654238798e-05	No	No
P07195	LDHB	-1.91465336254187	1.20296696069817e-08	No	No
P07355	ANXA2	-1.12874516976846	4.0376233308148303e-23	No	No
P07384	CAPN1	-1.09406600746342	7.098682267948379e-34	No	No
P07476	IVL	-1.5882892042315	7.6213557908695e-23	No	No
P09467	FBP1	-1.0246146630142	7.2578397162973e-33	No	No
P09493	TPM1	-1.45772508124279	9.98461959406083e-24	No	No
P0DMM9;P0DMN0	SULT1A3;SULT1A4	-1.74249898288902	2.36896641588118e-10	No	No
P10909	CLU	-1.47875482072865	3.5464498025743104e-09	No	No
P11137	MAP2	-1.50101163358542	9.985650908763911e-15	No	No
P11362	FGFR1	-1.30871753557225	0.0009162171775536	No	No
P11464	PSG1	-1.56230398443347	2.71179212040538e-06	No	No
P12429	ANXA3	-2.4114233009435	4.60066633831705e-25	No	No
P14061	HSD17B1	-1.64322083587023	6.81954332213698e-05	No	No
P16070	CD44	-1.56143771063249	1.70781847317735e-22	No	No
P16083	NQO2	-1.5395829580332	5.54784390421027e-12	No	No
P22352	GPX3	-3.42912494717605	5.76400885083945e-17	No	No
P24844	MYL9	-1.06237994723945	1.38501378811152e-23	No	No
P25445	FAS	-1.24322897549615	3.9344213034353497e-16	No	No
P29034	S100A2	-2.13154056875631	3.93577119012371e-08	No	No
P30047	GCHFR	-1.3055848809606	3.37166024067986e-08	No	No
P30988	CALCR	-1.40253925906337	8.59894889235285e-10	No	No
P31641	SLC6A6	-1.49375894461028	1.38628688035833e-20	No	No
P31944	CASP14	-2.0919273824246	0.0034221128143264	No	No
P32004	L1CAM	-2.13403671376683	2.8057371907485704e-31	No	No
P32242	OTX1	-1.6867442249517	0.0004848444729131	No	No
P32929	CTH	-1.34741049562478	1.6500637890171602e-23	No	No
P35408	PTGER4	-1.62901752791264	4.23565056072999e-09	No	No
P35670	ATP7B	-1.30658879351376	8.19502219346378e-34	No	No
P36269	GGT5	-1.52658626068371	1.18387903309238e-08	No	No
P36897	TGFBR1	-1.17749018351607	3.73519189123487e-22	No	No
P41247	PNPLA4	-2.332365598618	1.0464650926749501e-23	No	No
P43121	MCAM	-2.48867540462351	4.854564867393411e-25	No	No
P43353	ALDH3B1	-2.27594635460042	8.28028871763732e-39	No	No
P43405	SYK	-1.18358365065895	6.662883108129291e-19	No	No
P47736	RAP1GAP	-1.20721343130651	1.27597457439252e-05	No	No
P47895	ALDH1A3	-2.40648192888322	2.25611892159136e-12	No	No
P49326	FMO5	-1.71382892405884	3.79138215699701e-22	No	No
P49662	CASP4	-1.16163596371633	2.8271602013845298e-11	No	No
P50225	SULT1A1	-1.40601605159158	2.9774851340190203e-31	No	No
P50226	SULT1A2	-1.48781241970986	3.50837893119224e-08	No	No
P55899	FCGRT	-1.34704377532305	3.59747610232056e-19	No	No
P57729	RAB38	-1.51810928468987	2.93897130858706e-16	No	No
P61812	TGFB2	-2.07215053442506	7.90526845320814e-05	No	No
P63316	TNNC1	-2.50190708992066	3.73884594909788e-08	No	No
P67936	TPM4	-2.2973750229547	7.0966808345024e-10	No	No
P78357	CNTNAP1	-1.01667231947347	4.3632745064066e-09	No	No
P81605	DCD	-1.15063549058812	0.00805710236977	No	No
P84157	MXRA7	-1.12424576061695	3.0718408453917204e-15	No	No
P86452	ZBED6	-1.14205515741107	0.0001385565629807	No	No
P98082	DAB2	-2.13599577507668	3.5574057910418397e-13	No	No
Q00887	PSG9	-1.02561667940911	0.0003905177658213	No	No
Q00973	B4GALNT1	-1.80788600039455	0.000134476792375	No	No
Q02318	CYP27A1	-1.32228033132952	9.20029737172181e-05	No	No
Q03001	DST	-1.32776281390301	2.59283265402524e-30	No	No
Q03112	MECOM	-1.43968335314393	1.02433659680763e-07	No	No
Q05682	CALD1	-2.5614085936747	8.96182343469648e-19	No	No
Q08AF3	SLFN5	-1.05787995359074	1.45033827349009e-25	No	No
Q0IIM8	TBC1D8B	-1.07237829833279	2.5761988628187703e-09	No	No
Q13057	COASY	-1.16087892536994	2.35923430037017e-27	No	No
Q13636	RAB31	-2.35498407371536	1.91237956284972e-25	No	No
Q13950	RUNX2	-1.06467976738062	1.7290695378147302e-09	No	No
Q14511	NEDD9	-1.09838181274822	0.0071947524011202	No	No
Q15052	ARHGEF6	-1.61908405876549	9.37735535226604e-23	No	No
Q15847	ADIRF	-1.05422879597118	0.0001256956902992	No	No
Q16549	PCSK7	-1.20167011568489	6.59335315695433e-05	No	No
Q16719	KYNU	-1.23441478417677	7.63755804456855e-26	No	No
Q16762	TST	-1.00500644594153	1.15700230852029e-30	No	No
Q16773	KYAT1	-1.33246045765752	1.51655659076052e-13	No	No
Q16831	UPP1	-1.12095469855706	5.61256000814435e-14	No	No
Q16842	ST3GAL2	-1.31160706010896	0.0001092581672157	No	No
Q1RMZ1	BMT2	-1.18886167513087	0.0007074375590575	No	No
Q2TAP0	GOLGA7B	-1.70117572841192	8.16403753831131e-07	No	No
Q3BBV2	NBPF8	-2.13062229016143	3.4691834048814797e-18	No	No
Q4V339	CBWD6	-1.07594027775185	0.003687287754454	No	No
Q58DX5	NAALADL2	-1.48194055470902	7.28256694142647e-18	No	No
Q5BVD1	TTMP	-1.64873136488416	7.68463995709604e-05	No	No
Q5I0X7	TTC32	-1.08831675672233	0.0002441066006599	No	No
Q5JSP0	FGD3	-1.60236379182756	6.0427625918687405e-09	No	No
Q5JTW2	CEP78	-1.02058045603492	5.20593443591849e-13	No	No
Q5JTZ5	C9orf152	-1.36805338108875	2.07374364528881e-13	No	No
Q5JVS0	HABP4	-1.18342433665239	1.46310756014463e-17	No	No
Q5SRE7	PHYHD1	-4.14532851532766	5.60124500088949e-21	No	No
Q5T011	SZT2	-1.27571617128892	3.22796856496005e-28	No	No
Q5T2W1	PDZK1	-3.26660640586933	7.26830330211576e-48	No	No
Q5T481	RBM20	-2.17143430655032	1.11411100168258e-15	No	No
Q5T686	AVPI1	-3.20236972193998	2.40407152074644e-08	No	No
Q5T6V5	C9orf64	-1.12466996907008	4.4572901093992705e-25	No	No
Q5T750	XP32	-2.58946143752809	1.60302664417979e-05	No	No
Q5T7W7	TSTD2	-1.24278924453676	2.29697425803225e-06	No	No
Q60I27	ALS2CL	-1.08499677109531	4.97870448727146e-10	No	No
Q68CL5	TPGS2	-1.37505453992926	0.0002302950678352	No	No
Q68CZ2	TNS3	-1.02059424359315	6.85535070623059e-11	No	No
Q6NT16	SLC18B1	-1.22164919711435	2.0629449577365698e-11	No	No
Q6NT55	CYP4F22	-1.84010183087262	4.14002796894513e-06	No	No
Q6NV74	CRACDL	-1.21555059534419	4.63351334826372e-27	No	No
Q6NZI2	CAVIN1	-1.35292938390266	9.64929227328712e-06	No	No
Q6P179	ERAP2	-1.0223414378343	5.72215063140144e-13	No	No
Q6P4A8	PLBD1	-1.60112605244201	3.12790536758286e-16	No	No
Q6UVK1	CSPG4	-1.37577758168145	7.95627648384348e-06	No	No
Q6UWE0	LRSAM1	-1.00918686159861	8.37182889129855e-32	No	No
Q6UWH4	GASK1B	-1.16416819236441	1.80566269307479e-05	No	No
Q6UWJ1	TMCO3	-1.0146498058737	2.66641100227946e-05	No	No
Q6UX71	PLXDC2	-2.30089137590014	1.17855384623919e-25	No	No
Q6ZNL6	FGD5	-2.39166036433665	1.73269486253955e-07	No	No
Q6ZS11	RINL	-1.78352994476115	1.47386799966596e-05	No	No
Q6ZTW0	TPGS1	-1.03703130600164	1.13111170537487e-06	No	No
Q6ZUT6	CCDC9B	-1.01592399721114	4.00374594985279e-05	No	No
Q6ZW13	C16orf86	-1.86045176016888	0.0003320910758331	No	No
Q6ZWL3	CYP4V2	-1.65246457908828	4.72395892662099e-08	No	No
Q709C8	VPS13C	-1.06561591120172	2.9200771491556298e-43	No	No
Q70J99	UNC13D	-1.42567247791362	3.48180530195317e-45	No	No
Q7KYR7	BTN2A1	-1.13721190491356	0.0001256289079991	No	No
Q7Z3Q1	SLC46A3	-1.3957325849736	5.664250607723451e-09	No	No
Q7Z402	TMC7	-1.70533796962754	2.46825504438471e-06	No	No
Q7Z7K6	CENPV	-1.24665445261007	7.96965777070111e-07	No	No
Q7Z7L1	SLFN11	-1.18813430818832	1.67714897510877e-14	No	No
Q86VG3	IFTAP	-1.31642807050385	1.81172421095783e-08	No	No
Q86VZ6	JAZF1	-4.30132628330317	1.30179589249593e-12	No	No
Q86WV6	STING1	-1.26735509251401	0.0001734439058711	No	No
Q86YQ8	CPNE8	-1.29240121524239	5.6810442435253094e-12	No	No
Q8IU85	CAMK1D	-1.12197435237909	3.53414698466704e-07	No	No
Q8IUX4	APOBEC3F	-1.25628849256328	3.4496339252452e-09	No	No
Q8IVI9	NOSTRIN	-1.4207114786197	9.750698672593309e-12	No	No
Q8IWU6	SULF1	-1.91818270713772	3.765713404654e-06	No	No
Q8IXL7	MSRB3	-1.25155584907495	2.7936894966386003e-18	No	No
Q8N142	ADSS1	-1.4449701903129	2.3940446031266202e-17	No	No
Q8N1Q1	CA13	-1.25840579173577	3.75089699647465e-07	No	No
Q8N4M1	SLC44A3	-1.23592724420922	4.54306466738272e-06	No	No
Q8N957	ANKFN1	-1.07479199700785	0.0003334593254999	No	No
Q8NA03	FSIP1	-3.58005379583917	6.52802152566264e-19	No	No
Q8NB16	MLKL	-1.5064052476024	1.15395516886427e-35	No	No
Q8NBI5	SLC43A3	-1.12171480948022	3.07346373582527e-06	No	No
Q8NDN9	RCBTB1	-2.23877519112503	1.36728098907017e-14	No	No
Q8NE00	TMEM104	-1.27694425873785	3.10721311033695e-05	No	No
Q8NHX9	TPCN2	-1.08974712614603	5.89560011882764e-13	No	No
Q8TAD7	OCC1	-1.00218368863888	2.52871788934397e-07	No	No
Q8TCD5	NT5C	-1.01685002923105	4.58343408564541e-13	No	No
Q8TD19	NEK9	-1.08222279249556	1.55596333925957e-44	No	No
Q8TDZ2	MICAL1	-1.97590535988424	1.292231936186e-25	No	No
Q8TEC5	SH3RF2	-1.20611690253109	9.91636994593299e-07	No	No
Q8WV41	SNX33	-1.09463493656484	1.93889996494564e-29	No	No
Q8WVB3	HEXD	-1.42448975085313	8.54798317012254e-10	No	No
Q8WVC6	DCAKD	-1.77610913074164	2.22458491298742e-43	No	No
Q8WVP5	TNFAIP8L1	-2.74405645001748	1.48185964839027e-16	No	No
Q8WVZ9	KBTBD7	-1.14647474515639	6.16635596190445e-13	No	No
Q8WWI1	LMO7	-1.14444950549009	3.39902678931082e-45	No	No
Q8WWY8	LIPH	-1.57678801647199	1.76972703076444e-19	No	No
Q8WWZ3	EDARADD	-2.31630907322723	8.91069681174655e-13	No	No
Q92633	LPAR1	-1.6528314894468	2.27848467902509e-06	No	No
Q92817	EVPL	-1.03997260718575	2.5591131765754498e-36	No	No
Q92902	HPS1	-1.02587832493494	8.97150556476781e-05	No	No
Q95460	MR1	-1.06808949659268	6.81891017203085e-05	No	No
Q96A19	CCDC102A	-1.62996019155022	4.43054513371529e-21	No	No
Q96AP7	ESAM	-1.06972839977171	0.0078749199895676	No	No
Q96AY3	FKBP10	-1.45905245353683	2.49166825106648e-46	No	No
Q96B02	UBE2W	-1.1382868321625	0.0041529616590492	No	No
Q96B21	TMEM45B	-1.17976424839851	1.5066409381248501e-09	No	No
Q96BI1	SLC22A18	-1.36683575051377	8.646318596762e-26	No	No
Q96CM8	ACSF2	-1.05732101725429	1.93211488050927e-23	No	No
Q96CX2	KCTD12	-1.11017718181089	0.0019456908887707	No	No
Q96DR4	STARD4	-1.64855958517961	1.84450473341354e-06	No	No
Q96DX5	ASB9	-1.34133080514317	0.0013969293837445	No	No
Q96EN8	MOCOS	-1.36530595197747	3.5020197489932895e-11	No	No
Q96FE7	PIK3IP1	-1.60507546870789	4.9483879578138e-06	No	No
Q96FL8	SLC47A1	-1.6630506824589	1.09032191476282e-10	No	No
Q96FN4	CPNE2	-1.35983716520844	9.1407425607553e-13	No	No
Q96GM1	PLPPR2	-2.60470627000114	1.53985961117997e-07	No	No
Q96L94	SNX22	-1.2986391730253	1.25627650939825e-07	No	No
Q96M32	AK7	-1.15951151842026	2.52453904865774e-05	No	No
Q96MF6	COQ10A	-1.40859610866539	7.65080566230185e-08	No	No
Q96NL8	C8orf37	-1.07591626092987	1.47071721689579e-10	No	No
Q96NR8	RDH12	-1.3325866753012	2.34770086250058e-05	No	No
Q96PX6	CCDC85A	-1.13639086590403	0.0046438566613264	No	No
Q96PX9	PLEKHG4B	-1.64993827846864	1.6866431948466597e-11	No	No
Q96R05	RBP7	-1.63387391656884	3.24460731951145e-21	No	No
Q99959	PKP2	-1.05239876383868	1.7231257110842502e-25	No	No
Q9BPZ2	SPIN2B	-1.00523954503943	6.95887924932917e-07	No	No
Q9BS92	NIPSNAP3B	-1.53208935373376	8.09294239477553e-07	No	No
Q9BSW7	SYT17	-1.52747721404501	2.07262615699021e-05	No	No
Q9BUM1	G6PC3	-1.04446454155798	7.714742105258621e-09	No	No
Q9BW62	KATNAL1	-1.06149582159665	6.90038105054962e-11	No	No
Q9BWC9	CCDC106	-1.77796485897389	2.5310601248411698e-11	No	No
Q9BXI9	C1QTNF6	-2.38174692948899	4.47275296414138e-14	No	No
Q9BXM9	FSD1L	-1.31432575743495	4.18030758167577e-07	No	No
Q9BY84	DUSP16	-1.65010279081623	9.42007730731565e-11	No	No
Q9BZF2	OSBPL7	-1.08678022030089	6.72390677314517e-06	No	No
Q9BZG1	RAB34	-1.25149933012709	1.55400523515084e-33	No	No
Q9C0H9	SRCIN1	-1.23887083240017	2.79045780009189e-18	No	No
Q9GZV1	ANKRD2	-1.91407955556149	3.87957900980596e-18	No	No
Q9H0H3	KLHL25	-1.098954024667	8.90099833387662e-15	No	No
Q9H1C3	GLT8D2	-1.1229266909724	0.0001371126868147	No	No
Q9H3G5	CPVL	-2.29176991147402	4.41708654867704e-41	No	No
Q9H553	ALG2	-1.41146017361313	8.84673470877874e-32	No	No
Q9H792	PEAK1	-1.04184435727149	0.0008498281007354	No	No
Q9H9S4	CAB39L	-1.14538216696928	1.49727177387898e-25	No	No
Q9HA77	CARS2	-1.02360555099202	5.87745500952398e-27	No	No
Q9HBG6	IFT122	-1.04672528045291	6.83666822566558e-27	No	No
Q9HBL0	TNS1	-1.36836089267126	1.72194356034224e-10	No	No
Q9HCK5	AGO4	-1.16131907126668	0.0005142569684882	No	No
Q9NP74	PALMD	-1.27940212097998	1.15521451614262e-07	No	No
Q9NQX4	MYO5C	-1.51949945271672	1.81945939369404e-47	No	No
Q9NQX7	ITM2C	-1.41545610608459	2.94692531398355e-08	No	No
Q9NRX4	PHPT1	-1.19977020946968	1.54122077858905e-14	No	No
Q9NSY2	STARD5	-1.04751237331916	8.910889701987111e-17	No	No
Q9NUB1	ACSS1	-1.12654763419015	7.073470882558559e-22	No	No
Q9NUV7	SPTLC3	-1.12105203952385	3.0554019762224905e-09	No	No
Q9NVC3	SLC38A7	-1.27310430451076	6.354893996678901e-16	No	No
Q9NVN8	GNL3L	-1.01579918357621	1.973400672362e-31	No	No
Q9NW07	ZNF358	-1.13307152460713	0.0008681281266825	No	No
Q9NWW6	NMRK1	-1.25254285185792	2.9158832768781998e-12	No	No
Q9NX57	RAB20	-1.14650636159828	2.44208985301444e-15	No	No
Q9NX95	SYBU	-1.18436170525985	0.0087846447609969	No	No
Q9NXG6	P4HTM	-1.17583252388433	5.83918898714481e-17	No	No
Q9NXL2	ARHGEF38	-1.24672780872434	1.10361470978278e-13	No	No
Q9NYF5	FAM13B	-1.21904627803576	0.0004604284038558	No	No
Q9NZC7	WWOX	-1.11990571363699	5.77241762486344e-21	No	No
Q9NZU0	FLRT3	-1.18139898356934	9.13194462755594e-05	No	No
Q9P107	GMIP	-1.34462629180188	1.11086220035677e-34	No	No
Q9UFP1	GASK1A	-2.0385467428353	7.168050329751741e-09	No	No
Q9UGQ3	SLC2A6	-1.23641041507739	3.8259294151729e-09	No	No
Q9UJ14	GGT7	-1.558636328077	5.28558586196456e-22	No	No
Q9UJ37	ST6GALNAC2	-1.08202748028108	3.14263631026284e-07	No	No
Q9UJX0	OSGIN1	-1.05301227403211	7.01744769595688e-06	No	No
Q9UKB3	DNAJC12	-1.28556060782498	0.0056623372934829	No	No
Q9UKC9	FBXL2	-1.24600865863765	1.68811474884104e-11	No	No
Q9UKK3	PARP4	-1.20521855310113	5.78082450074917e-09	No	No
Q9Y2A9	B3GNT3	-1.42102275460211	5.43911793606287e-05	No	No
Q9Y2J2	EPB41L3	-1.55127176890629	2.68434620531016e-05	No	No
Q9Y2J8	PADI2	-1.34296268083719	4.879028828013969e-11	No	No
Q9Y2Y0	ARL2BP	-1.26702055304662	1.46016451413603e-15	No	No
Q9Y572	RIPK3	-2.70595424350571	7.31136286509718e-13	No	No
Q9Y6U3	SCIN	-1.76229377407627	2.31538765285561e-10	No	No
Q9Y6X4	FAM169A	-1.40338605578034	1.4279518873205102e-17	No	No
