Protein_Group	Genes	TP53_sg_#3_Tr_vs_TP53_sg_#3_logFC	TP53_sg_#3_Tr_vs_TP53_sg_#3_pval	Removed?	Contaminant?
A0A1W2PPE2	TAF11L4	3.75697338568511	3.41183145352721e-07	No	No
A0A2R8Y4M4		1.46829565610051	0.0050261147536864	No	No
A1A5D9	BICDL2	1.50642447937026	1.42986097895815e-21	No	No
A4D126	CRPPA	1.38603902195508	9.60651290172386e-08	No	No
A6NCS6	C2orf72	1.00737114123742	8.00056034720797e-11	No	No
A6NLP5	TTC36	1.50787892670787	2.05359576914596e-08	No	No
A6NMD0	IFITM10	2.28101335706768	3.0523837626887104e-09	No	No
A8MTW9		1.07837542313808	0.0058577774544233	No	No
B5MCN3	SEC14L6	1.72516927249634	2.16348179648582e-05	No	No
C9J069	AJM1	1.24649506474463	3.53798887536762e-10	No	No
O00534	VWA5A	1.56761689011434	5.33590080650943e-08	No	No
O00560	SDCBP	1.53738897507189	6.08975957551697e-31	No	No
O00622	CCN1	1.36984261645756	1.26419975876418e-10	No	No
O00716	E2F3	1.01250742020672	2.8902143979937796e-11	No	No
O14682	ENC1	1.19663201829424	0.0009703083774116	No	No
O14807	MRAS	1.18334557694872	3.54822398100478e-13	No	No
O15232	MATN3	1.36241145610448	6.88223731576992e-14	No	No
O15393	TMPRSS2	1.44369308321695	6.740450677858359e-16	No	No
O43325	LYRM1	1.00063515417013	6.34856366182297e-17	No	No
O43609	SPRY1	1.48400118562491	4.76900730263058e-06	No	No
O43610	SPRY3	1.14214849575633	0.0011494111911827	No	No
O60238	BNIP3L	1.09802950348053	9.20975984486667e-17	No	No
O60243	HS6ST1	1.25980422581575	0.0002983514079763	No	No
O60299	LZTS3	1.03580288385467	0.0003314872696105	No	No
O60443	GSDME	1.48646568705254	1.39170991529946e-12	No	No
O75056	SDC3	1.53861711797648	0.0001834894419982	No	No
O75204	TMEM127	1.96345822428097	0.0009998150106779	No	No
O75325	LRRN2	1.41156181107432	0.0001545841209346	No	No
O75363	BCAS1	1.47365952131948	4.6332906732060596e-34	No	No
O76054	SEC14L2	1.25608577245219	0.0002892936391454	No	No
O95183	VAMP5	1.60286823323383	9.32038967777724e-05	No	No
O95255	ABCC6	1.38654130080666	1.23016553774863e-18	No	No
O95259	KCNH1	1.14932005155575	0.0003898217791093	No	No
O95340	PAPSS2	1.01209223840646	7.97589027023541e-05	No	No
P01009	SERPINA1	1.18234196513122	1.2951820267182601e-21	No	No
P01033	TIMP1	1.47971139678772	2.71918431443061e-08	No	No
P01834	IGKC	2.62368145791303	0.0096007144179641	No	No
P05090	APOD	1.1239704999819	7.975578702435851e-15	No	No
P05981	HPN	1.3983794385535	2.9338063973959597e-13	No	No
P07476	IVL	1.13710680956918	1.53741423438351e-13	No	No
P08648	ITGA5	1.25961250611994	3.40031995551492e-23	No	No
P0DPH7;P0DPH8	TUBA3C;TUBA3D	1.57767447759747	2.2842046081177e-05	No	No
P10909	CLU	1.22796192327362	4.16351132268771e-06	No	No
P11532	DMD	2.51536400309843	8.48017725872631e-08	No	No
P12109	COL6A1	1.17079428484706	8.47774917884814e-05	No	No
P12273	PIP	2.54333288015589	2.0554664908563e-08	No	No
P14061	HSD17B1	1.74390574125348	0.0001412568681137	No	No
P15289	ARSA	1.01768079678033	3.74152625252379e-20	No	No
P15313	ATP6V1B1	1.73003156562495	1.60634532992332e-07	No	No
P15408	FOSL2	1.68423655593726	7.455234960235021e-09	No	No
P17540	CKMT2	1.07718570579822	1.5666052322818302e-14	No	No
P17600	SYN1	1.62014785778113	9.43593133329852e-07	No	No
P20231;Q15661	TPSB2;TPSAB1	2.38421665844893	1.18648577161765e-08	No	No
P22083	FUT4	1.60041690564268	3.01650009901568e-10	No	No
P24298	GPT	1.05685945214358	0.0014323280801783	No	No
P24385	CCND1	1.29346942111222	6.4128558506019e-20	No	No
P24588	AKAP5	1.62938653507187	9.04353607976822e-06	No	No
P24593	IGFBP5	1.72836430073352	2.2935003463786e-30	No	No
P28067	HLA-DMA	1.96137466781609	8.53334427089362e-05	No	No
P29400	COL4A5	1.06768317698922	0.0001692569766337	No	No
P35475	IDUA	1.14279315751032	2.6591532130626e-13	No	No
P35916	FLT4	1.3641535791618	3.0750618004022e-26	No	No
P36959	GMPR	1.24449504093131	4.36371698368767e-06	No	No
P41247	PNPLA4	1.28494695811172	4.95299285296482e-10	No	No
P42330	AKR1C3	1.09744558768493	0.0071626869861884	No	No
P42772	CDKN2B	1.04635631851631	1.67542323400523e-05	No	No
P45844	ABCG1	1.70046776385206	7.84666588468433e-07	No	No
P47712	PLA2G4A	1.14926886839445	1.5787449690913e-06	No	No
P49789	FHIT	1.12745303037458	2.92704245792304e-14	No	No
P50226	SULT1A2	1.11456014134228	9.76018177309396e-05	No	No
P50461	CSRP3	1.12148409836955	0.0020281203766719	No	No
P51161	FABP6	1.11207635391028	0.0017700033636567	No	No
P51178	PLCD1	1.19078211602275	6.4336156015871195e-18	No	No
P54289	CACNA2D1	1.03660679291568	5.55446640268416e-22	No	No
P54868	HMGCS2	1.87517213137978	3.10939382616696e-08	No	No
P55345	PRMT2	1.07708068326378	0.0007664019012723	No	No
P55809	OXCT1	1.02802612043505	0.0064170473768582	No	No
P56705	WNT4	1.35189554292189	0.0001430621115577	No	No
P61587	RND3	1.4311887123539	3.66134045276507e-12	No	No
P61647	ST8SIA6	1.52736168288759	6.1363038405064e-08	No	No
P61812	TGFB2	1.85460650063377	0.0012752837837237	No	No
P80365	HSD11B2	1.10298449924445	2.42427266161172e-06	No	No
P80404	ABAT	1.12189184173121	1.49569382635213e-27	No	No
P98082	DAB2	1.42051092872525	1.55305422222797e-06	No	No
Q00887	PSG9	1.8470059700503	6.15772680681687e-08	No	No
Q00G26	PLIN5	1.80877949643249	2.37924486519676e-08	No	No
Q04828	AKR1C1	1.48776230369912	2.11931133954327e-07	No	No
Q05481	ZNF91	1.04074867876265	0.0018608105975234	No	No
Q07654	TFF3	1.3666476002784	1.78444485080765e-08	No	No
Q08380	LGALS3BP	1.0011373561494	5.72381976918049e-21	No	No
Q08AF3	SLFN5	1.14172409542356	1.01889420296711e-24	No	No
Q08AN1	ZNF616	1.08353063746381	0.0088437883059143	No	No
Q09327	MGAT3	5.13307075514075	3.85925990676154e-36	No	No
Q0IIM8	TBC1D8B	1.48926231309429	1.72337269919008e-12	No	No
Q12791	KCNMA1	1.43223783713731	3.53766319400266e-16	No	No
Q12983	BNIP3	1.35005421072605	8.292684382051501e-10	No	No
Q13018	PLA2R1	1.29220422467421	0.0013024367803483	No	No
Q13202	DUSP8	1.24350736515354	0.0009166966826847	No	No
Q13216	ERCC8	1.07821510827678	1.80947675005738e-06	No	No
Q13884	SNTB1	1.10881777021447	0.0001925362141804	No	No
Q14764	MVP	1.78349523364129	3.67169436184186e-43	No	No
Q15303	ERBB4	1.0590013968315	5.85687953299292e-12	No	No
Q15746	MYLK	1.72654511755875	1.14196337255068e-09	No	No
Q16842	ST3GAL2	1.18195381655789	0.0014936140604888	No	No
Q49AH0	CDNF	2.39855030814814	2.86273945471979e-08	No	No
Q53FZ2	ACSM3	1.14088972154843	1.2767011425335e-11	No	No
Q53GG5	PDLIM3	1.97075881021534	1.29997946606961e-05	No	No
Q5BN46	C9orf116	1.50102359659123	0.0001451040432442	No	No
Q5D862	FLG2	1.80275028400112	0.0073771065958154	No	No
Q5JS13	RALGPS1	1.00132609279279	4.18850715082185e-05	No	No
Q5SZD1	C6orf141	1.18285144273672	3.12037627239577e-05	No	No
Q5T013	HYI	1.50907590508766	1.09500662982114e-06	No	No
Q5T0T0	MARCHF8	1.15689811085087	0.0047823765033277	No	No
Q5VWT5	FYB2	1.4764669294221	7.94992070192831e-08	No	No
Q68BL7	OLFML2A	1.08750987347661	0.0016378571732921	No	No
Q6GMR7	FAAH2	1.18849427207892	1.0557071315435498e-11	No	No
Q6P5R6	RPL22L1	1.04775108028154	1.82721973468161e-10	No	No
Q6PHW0	IYD	2.02901917121257	1.64343059835398e-06	No	No
Q6UWH4	GASK1B	1.23303422778948	4.25857346942422e-05	No	No
Q6UXH9	PAMR1	1.03433221781169	1.03721153797849e-23	No	No
Q6UXI9	NPNT	1.30999801082822	0.0002756830216029	No	No
Q6ZV29	PNPLA7	1.06871551322531	4.46222238677701e-07	No	No
Q76KP1	B4GALNT4	1.06332051689732	0.0003279179825989	No	No
Q7L311	ARMCX2	1.3199324048609	1.54689982471222e-13	No	No
Q86VD7	SLC25A42	1.11093851384754	2.7885254170945996e-12	No	No
Q86VV4	RANBP3L	1.12399033597132	4.2724808295385e-05	No	No
Q86WU2	LDHD	1.05276204460488	1.35257542550864e-30	No	No
Q86WV1	SKAP1	1.421487803495	0.0001267932707916	No	No
Q86YB7	ECHDC2	1.18698975631313	0.0001180209317118	No	No
Q86Z02	HIPK1	1.10746795049903	0.001810717157274	No	No
Q8IVI9	NOSTRIN	1.08660238819412	5.13098767068549e-07	No	No
Q8IVU3	HERC6	2.42567618032	1.59759862451743e-08	No	No
Q8IWP9	CCDC28A	1.20449598682435	0.0002844944237406	No	No
Q8IWU6	SULF1	1.27353509410845	0.0040583878861623	No	No
Q8IWW8	ADHFE1	1.53895594586129	1.24315134427353e-12	No	No
Q8IWY4	SCUBE1	1.10155859260131	0.0093079081867124	No	No
Q8IY63	AMOTL1	1.55718551612275	1.52653503775751e-06	No	No
Q8IYL2	TRMT44	1.10990683475096	0.003620244773378	No	No
Q8IZJ3	CPAMD8	1.23459728264364	5.15699330119236e-08	No	No
Q8N370	SLC43A2	1.44052595119072	6.866180867452739e-16	No	No
Q8N3V7	SYNPO	2.48023785292342	1.88132179769889e-10	No	No
Q8N441	FGFRL1	1.65525938425943	0.00405412726144	No	No
Q8N5J2	MINDY1	1.36334979681933	1.06545659754524e-29	No	No
Q8N6N6	NATD1	1.22936660901043	3.6854181432780604e-14	No	No
Q8N7X4	MAGEB6	3.22876950024302	1.72951890612035e-12	No	No
Q8N957	ANKFN1	1.08660980132772	0.0010583662920991	No	No
Q8NAT2	TDRD5	2.31372009202375	4.24949826790562e-07	No	No
Q8NBV8	SYT8	1.17350340381775	8.39212584739241e-05	No	No
Q8NG27	PJA1	1.33111891855153	0.0001004986946706	No	No
Q8NG66	NEK11	1.76213049406771	1.11640714428191e-06	No	No
Q8TB45	DEPTOR	1.69876447154294	1.24468249454918e-18	No	No
Q8TDI0	CHD5	1.15523593313214	3.41866862364436e-05	No	No
Q8TF66	LRRC15	1.19849193099197	7.0818435135703e-05	No	No
Q8WVV4	POF1B	1.3280124090823	2.41605022587899e-13	No	No
Q8WW38	ZFPM2	1.00976404031138	0.0016972737545128	No	No
Q92597	NDRG1	1.54201179582228	1.8876918751246903e-09	No	No
Q92777	SYN2	1.60928582387436	0.0010155076899087	No	No
Q92963	RIT1	1.01611864757881	0.0019315809993361	No	No
Q95460	MR1	1.11252954818238	0.000182964962667	No	No
Q96AD5	PNPLA2	1.07086460316301	1.9435945825274e-10	No	No
Q96AZ6	ISG20	1.98369632706513	1.52430536917951e-06	No	No
Q96DA0	ZG16B	1.94791694249551	1.2108670012112e-06	No	No
Q96EE4	CCDC126	1.16354472047521	3.7296444210699e-06	No	No
Q96F05	C11orf24	1.03026403868885	0.0014266412147105	No	No
Q96FE7	PIK3IP1	1.22702453512439	0.0012010043999628	No	No
Q96FL8	SLC47A1	1.39280182180344	3.22107945858621e-07	No	No
Q96FL9	GALNT14	2.50563237033224	1.11746066393483e-05	No	No
Q96NY7	CLIC6	1.8480152098403	4.21981780662181e-11	No	No
Q96QE2	SLC2A13	1.36710688718836	3.21710038971286e-06	No	No
Q96QP1	ALPK1	1.37120793973245	9.04513120144778e-07	No	No
Q99489	DDO	1.38311109042684	0.0012451483299972	No	No
Q99574	SERPINI1	2.45770014241873	8.03160134283981e-32	No	No
Q99758	ABCA3	1.14977300656768	1.56070487540648e-29	No	No
Q99828	CIB1	1.04085106452798	9.85018428179247e-14	No	No
Q9BQR3	PRSS27	1.46440981815917	9.508956904352e-09	No	No
Q9BQT9	CLSTN3	1.56186489514174	8.0852256791545e-07	No	No
Q9BXI9	C1QTNF6	1.03523097219798	0.0005979565943662	No	No
Q9BY67	CADM1	1.04047985175761	2.28466450714409e-16	No	No
Q9BY76	ANGPTL4	1.09707792667037	0.0059105741519201	No	No
Q9BZD2	SLC29A3	1.5856290550692	0.0002742749609003	No	No
Q9C035	TRIM5	1.01622388482537	1.0507553135650301e-09	No	No
Q9C0K1	SLC39A8	1.2441017117831	0.0011787825404021	No	No
Q9H2G4	TSPYL2	1.06264903414046	0.0001981399714963	No	No
Q9H841	NIPAL2	1.58453344782138	3.84177304039041e-05	No	No
Q9HAH1	ZNF556	1.13325920954133	5.2269524419821e-08	No	No
Q9HCM1	RESF1	1.83806596827802	0.0066932759583433	No	No
Q9NP74	PALMD	1.03389070987959	6.37933155015485e-05	No	No
Q9NPE6	SPAG4	1.4096507844645	0.0014349584798444	No	No
Q9NQ40	SLC52A3	1.21437636498934	0.0076424970479979	No	No
Q9NQX7	ITM2C	1.11085423986751	4.33902479276473e-05	No	No
Q9NR34	MAN1C1	1.32185432095853	4.32268388688724e-08	No	No
Q9NRH3	TUBG2	1.15724336642238	2.7241568709124e-06	No	No
Q9NRN5	OLFML3	1.08530407490234	8.080144964824649e-11	No	No
Q9NRZ5	AGPAT4	1.78135304615869	1.20194849492394e-06	No	No
Q9NS37	CREBZF	1.16740201587229	0.005761133761219	No	No
Q9NTN9	SEMA4G	1.13362568211561	5.94962667197084e-10	No	No
Q9NX09	DDIT4	1.49282382613838	0.003075226170445	No	No
Q9NYT0	PLEK2	2.04075997062885	1.34004210280942e-07	No	No
Q9NZV1	CRIM1	1.03699960446438	0.0004013773818184	No	No
Q9P2H5	USP35	1.33650093559669	4.2105066723135704e-09	No	No
Q9UDR5	AASS	1.06637193341841	7.19659187750468e-05	No	No
Q9UI42	CPA4	1.10599532575041	0.0009803417842897	No	No
Q9UKC9	FBXL2	1.01114404108367	1.87261645987567e-07	No	No
Q9UKK3	PARP4	1.06944118963465	1.54953099031601e-06	No	No
Q9ULD0	OGDHL	1.08115388234582	6.919854766510461e-14	No	No
Q9ULK6	RNF150	1.76301120528012	1.20329224870128e-07	No	No
Q9ULL4	PLXNB3	1.09576589235065	2.18752450710295e-13	No	No
Q9ULM0	PLEKHH1	1.39798317988364	1.6864786672879302e-09	No	No
Q9UPT6	MAPK8IP3	1.06631100441411	1.32883736665371e-12	No	No
Q9Y234	LIPT1	1.02265458600072	0.0001041793159989	No	No
Q9Y5L2	HILPDA	1.11652231785481	0.0028174011805934	No	No
Q9Y5Q0	FADS3	1.09072985150362	0.0004198332187911	No	No
A8MT69	CENPX	-1.33507336209322	1.41932917063345e-08	No	No
B3KNS4	ERVK3-1	-1.03837778244433	4.13121133328025e-07	No	No
O00311	CDC7	-1.4621540050126	3.37240306363068e-10	No	No
O00458	IFRD1	-1.42464310130914	7.91898265269162e-05	No	No
O00762	UBE2C	-1.63043111660654	2.74837574978902e-05	No	No
O14495	PLPP3	-1.30733728472963	5.05216003479843e-05	No	No
O14578	CIT	-1.55076998279833	1.5681816092558099e-13	No	No
O14732	IMPA2	-1.18387421366961	1.0332581807198199e-11	No	No
O14757	CHEK1	-1.37352526317518	2.5554140962721e-10	No	No
O14777	NDC80	-1.92272612448921	1.05917718730885e-07	No	No
O14965	AURKA	-1.57680444490324	1.34906546541667e-08	No	No
O15287	FANCG	-1.40081204161041	5.64167850244066e-08	No	No
O15304	SIVA1	-1.49526655103878	7.60383828805355e-06	No	No
O15350	TP73	-2.1380923243935	7.75517447055238e-23	No	No
O15360	FANCA	-1.29336417816014	7.42179132968206e-06	No	No
O15392	BIRC5	-1.96863920111957	6.96446654871209e-05	No	No
O15455	TLR3	-1.12064753296627	3.86434798144837e-07	No	No
O43379	WDR62	-1.75447661423702	6.47313857507281e-13	No	No
O43463	SUV39H1	-1.79211729390861	2.21620808153767e-17	No	No
O43482	OIP5	-1.29947631884869	1.48350471984146e-12	No	No
O43502	RAD51C	-1.40151624313488	5.62581831387194e-12	No	No
O43663	PRC1	-1.75720073929277	3.89716543410868e-08	No	No
O43683	BUB1	-1.50801122146643	9.68661690973714e-08	No	No
O60566	BUB1B	-1.08207006258131	6.91730088860773e-13	No	No
O75330	HMMR	-1.75501015950043	5.49679984255252e-07	No	No
O75419	CDC45	-1.89096002827973	1.92886280922558e-08	No	No
O75496	GMNN	-1.67541050456746	7.56886576538037e-09	No	No
O75717	WDHD1	-1.24224241608673	1.43610992593836e-16	No	No
O75764	TCEA3	-1.53995972423277	3.59181455354662e-26	No	No
O75828	CBR3	-1.00727032208781	4.96054576057297e-22	No	No
O94761	RECQL4	-1.5464855643511	1.33754119406038e-17	No	No
O94768	STK17B	-1.0567517880941	0.0043816995203069	No	No
O94782	USP1	-1.059461988249	2.45673917084771e-10	No	No
O94788	ALDH1A2	-1.12241102627852	7.7332318601051e-05	No	No
O95067	CCNB2	-1.72874929393384	1.56850469619703e-07	No	No
O95229	ZWINT	-1.31109073531602	2.65120162266737e-08	No	No
O95235	KIF20A	-2.10698544757159	1.0996350665502e-07	No	No
O95239	KIF4A	-2.29172779168087	2.4226639253030503e-15	No	No
O95347	SMC2	-1.23715396862677	2.78417107808158e-23	No	No
O95997	PTTG1	-1.77336427834007	3.94864485666688e-11	No	No
O96020	CCNE2	-1.4292936750735	1.14662082025202e-06	No	No
O96028	NSD2	-1.30943389987383	7.789555232874141e-15	No	No
P00374	DHFR	-1.95244352841823	5.86995441993262e-06	No	No
P04183	TK1	-1.80246171502759	7.21326821215639e-07	No	No
P04818	TYMS	-2.50444035361087	9.84276521791794e-09	No	No
P06493	CDK1	-1.77335125424992	2.43748186622294e-17	No	No
P09884	POLA1	-1.32023342354671	1.24364296824785e-22	No	No
P10244	MYBL2	-1.84310665820601	7.446718637400061e-09	No	No
P11388	TOP2A	-1.80832566247632	7.53331599321877e-09	No	No
P12004	PCNA	-1.3023150237028	4.52692191425344e-20	No	No
P14635	CCNB1	-1.82291760095358	2.06431364288749e-05	No	No
P15391	CD19	-2.99314379427671	1.66897495058833e-07	No	No
P16401	H1-5	-1.19350889435626	3.16848300150945e-32	No	No
P16402	H1-3	-2.43881502463615	1.13450808145627e-24	No	No
P16403	H1-2	-1.44632491747526	6.05418018777172e-21	No	No
P16949	STMN1	-1.18847490829177	2.1987288638278402e-17	No	No
P18858	LIG1	-1.22750164923985	1.0038910989761999e-13	No	No
P20248	CCNA2	-1.74505836558377	9.037999209540629e-11	No	No
P21579	SYT1	-1.20082309657524	3.6069514974053404e-17	No	No
P26358	DNMT1	-1.25486637691689	9.86919757702284e-24	No	No
P26583	HMGB2	-1.2945555690587	5.4352581166220504e-24	No	No
P28749	RBL1	-1.03376417943306	2.42077081331516e-06	No	No
P30305	CDC25B	-2.11133821854931	2.73515073175643e-12	No	No
P30307	CDC25C	-1.75676955286336	3.97547250738236e-08	No	No
P31350	RRM2	-1.70280754130448	1.18746711310513e-05	No	No
P33316	DUT	-1.69724227357702	6.49543930942189e-18	No	No
P33552	CKS2	-1.63757403291487	1.5907661720499e-07	No	No
P33981	TTK	-1.11449700131267	5.87533778073649e-12	No	No
P35219	CA8	-1.13015663698937	8.4591446736643e-08	No	No
P35544	FAU	-1.14354602853791	0.0016682682555383	No	No
P38398	BRCA1	-1.0801062798592	1.46073492654077e-07	No	No
P39748	FEN1	-1.02513231546335	2.6303200719768303e-15	No	No
P41002	CCNF	-1.15376010252161	2.65475585428698e-05	No	No
P42166	TMPO	-1.09967336944881	8.429385765415349e-40	No	No
P42575	CASP2	-1.11191330406648	7.208936289379659e-12	No	No
P42695	NCAPD3	-1.50608993747952	1.9957223638729098e-22	No	No
P46013	MKI67	-1.85733484236336	2.52776795590135e-07	No	No
P49366	DHPS	-1.27093627423338	9.29737383713554e-19	No	No
P49454	CENPF	-1.77969224319446	6.856673966653769e-11	No	No
P49638	TTPA	-1.80696841693601	6.09605064805861e-05	No	No
P49642	PRIM1	-1.56238181672387	1.56862418439821e-16	No	No
P49643	PRIM2	-1.32900838740625	2.2225699628953303e-15	No	No
P50219	MNX1	-1.57183546876715	2.31158494779704e-06	No	No
P51530	DNA2	-1.60307534620378	2.8762782465486404e-09	No	No
P51587	BRCA2	-1.05163854538236	1.4113382387864e-06	No	No
P51955	NEK2	-1.94052250333966	1.08339286371109e-16	No	No
P52292	KPNA2	-1.06084975955175	5.450475932433421e-15	No	No
P52732	KIF11	-1.70983250768127	1.85643794468016e-08	No	No
P53350	PLK1	-1.65555663213434	1.64048481936464e-07	No	No
P54132	BLM	-1.40821724650061	5.6471834474746997e-14	No	No
P55851	UCP2	-1.22277176363885	1.06633142871822e-05	No	No
P56270	MAZ	-1.03877081201402	2.31477197639649e-12	No	No
P56282	POLE2	-1.55843508325135	1.0125663549109401e-14	No	No
P59796	GPX6	-2.08217369139389	7.849622471345709e-11	No	No
P61024	CKS1B	-1.69850764788769	6.49187370795223e-11	No	No
P67936	TPM4	-4.13029129985397	3.69466761322911e-18	No	No
P78549	NTHL1	-1.59892708260247	2.1317833788470402e-10	No	No
P81274	GPSM2	-1.01250650747056	0.0045838127354854	No	No
P98155	VLDLR	-1.27650919105416	0.0045938906334358	No	No
Q01664	TFAP4	-1.86201647807968	8.93804710558291e-07	No	No
Q02224	CENPE	-1.4289640113374	1.1091197750316399e-11	No	No
Q02241	KIF23	-1.65632615890084	2.28873096131178e-16	No	No
Q03936	ZNF92	-1.07994563452431	0.000276887045657	No	No
Q05D32	CTDSPL2	-1.35347010084651	3.94899107385823e-38	No	No
Q06609	RAD51	-1.49176567292729	3.74676965309102e-06	No	No
Q07864	POLE	-1.47297063206879	5.97844970575669e-26	No	No
Q08050	FOXM1	-1.19308087628477	0.0008660720319921	No	No
Q12815	TROAP	-2.39168140891166	3.20473964199234e-09	No	No
Q12834	CDC20	-1.84941319173046	3.87860053179196e-07	No	No
Q13015	MLLT11	-1.45022140212977	3.72150376471998e-07	No	No
Q13103	SPP2	-4.46990932446309	3.37423428942088e-07	No	No
Q13111	CHAF1A	-1.00910614566691	1.02262243858355e-12	No	No
Q13112	CHAF1B	-1.3272542901055	1.9226955147612e-13	No	No
Q13257	MAD2L1	-1.06313177959606	1.52880759929244e-07	No	No
Q13309	SKP2	-1.02420896702259	0.0001002888076532	No	No
Q14181	POLA2	-1.21567270058927	7.58571697118881e-15	No	No
Q14674	ESPL1	-1.96944743866014	7.91016667248828e-08	No	No
Q14691	GINS1	-1.36077214010617	1.7503210313703699e-12	No	No
Q14807	KIF22	-2.25790006063949	9.94125980937164e-13	No	No
Q14894	CRYM	-1.89336043288239	4.08807957145625e-05	No	No
Q14CB8	ARHGAP19	-1.45634107759026	1.59990169908439e-10	No	No
Q15003	NCAPH	-1.59829606941324	6.98604951054467e-19	No	No
Q15004	PCLAF	-2.23460750862988	5.30625016484892e-07	No	No
Q15021	NCAPD2	-1.67393323465072	1.34790818924886e-19	No	No
Q15058	KIF14	-1.62018083823283	1.4379594362897699e-12	No	No
Q15072	ZNF146	-1.25455482013508	4.37675361172282e-06	No	No
Q15398	DLGAP5	-1.51923400889781	1.57320088213127e-08	No	No
Q15468	STIL	-1.53165021322804	3.93003579458101e-08	No	No
Q15742	NAB2	-1.12876210517605	4.97706045215732e-14	No	No
Q16533	SNAPC1	-1.05014492744566	1.53713757290497e-05	No	No
Q16667	CDKN3	-1.97024078914361	1.43122679099354e-07	No	No
Q16763	UBE2S	-1.65597664024465	9.3980422122844e-09	No	No
Q2I0M4	LRRC26	-1.75814604766078	1.40962680435705e-06	No	No
Q2NKX8	ERCC6L	-1.12905077989523	8.56379170420209e-11	No	No
Q53EZ4	CEP55	-1.59759386015789	2.43931246129058e-08	No	No
Q53HL2	CDCA8	-1.92192152631566	4.33044100024488e-07	No	No
Q562F6	SGO2	-1.49826707131557	3.0374041699729e-10	No	No
Q56A73	SPIN4	-1.90926138476386	1.0960017650897601e-21	No	No
Q56NI9	ESCO2	-1.55660457458852	6.45821524325943e-05	No	No
Q5FBB7	SGO1	-1.7544319421809	2.5282328333313397e-12	No	No
Q5T6S3	PHF19	-1.88321364602205	9.1589326214747e-13	No	No
Q5T7B8	KIF24	-1.93395669448745	0.0007964450123457	No	No
Q5UIP0	RIF1	-1.20036683315266	1.78037485389816e-32	No	No
Q5XUX0	FBXO31	-1.00517553696118	0.009591463005031	No	No
Q68D06	SLFN13	-1.02569690408236	2.67677356478341e-06	No	No
Q69YH5	CDCA2	-1.5428567973868	4.50430569634533e-08	No	No
Q6IBW4	NCAPH2	-1.68483550898258	8.54162996186319e-26	No	No
Q6IE81	JADE1	-1.35087991376995	1.27498830048975e-13	No	No
Q6IPU0	CENPP	-1.59659442346402	7.23691510121353e-08	No	No
Q6IQ19	CCSAP	-1.08124844005703	0.0048981770048712	No	No
Q6P0N0	MIS18BP1	-1.51979032471146	6.2744222283977695e-12	No	No
Q6P4F7	ARHGAP11A	-1.44958313203551	2.47348617651154e-05	No	No
Q6PGN9	PSRC1	-1.62021615875012	1.14030704464564e-05	No	No
Q6PGQ7	BORA	-1.50637837947471	0.002611230385453	No	No
Q6PL18	ATAD2	-1.62228688736102	3.36057222432632e-24	No	No
Q6SJ93	FAM111B	-1.57280073598894	9.41566225746685e-06	No	No
Q6UVK1	CSPG4	-1.24407102358555	0.0002185746425222	No	No
Q6UWI4	SHISA2	-1.67064613866731	1.72376916551355e-10	No	No
Q6YHK3	CD109	-1.0393667001662	0.0092122959506707	No	No
Q6ZRQ5	MMS22L	-1.28785515428891	3.08194192708316e-14	No	No
Q71F23	CENPU	-1.41156494558959	3.3810131205061094e-11	No	No
Q7L266	ASRGL1	-1.52025621740172	0.0002623885549848	No	No
Q7L2K0	TEDC2	-1.13537642234795	0.0001251830663236	No	No
Q7L2Z9	CENPQ	-1.20790530434178	6.81695142082115e-07	No	No
Q7L590	MCM10	-1.51094374617267	4.26983574928855e-06	No	No
Q7Z7L1	SLFN11	-1.31328833861016	2.46508571289289e-14	No	No
Q86SX3	TEDC1	-1.14397657014918	1.45090998489509e-13	No	No
Q86T82	USP37	-1.56086724962721	1.2953616837861e-07	No	No
Q86UD0	SAPCD2	-1.16674909925396	1.33090713526496e-10	No	No
Q86VI3	IQGAP3	-2.37437204139414	2.4174544001795e-10	No	No
Q86W47	KCNMB4	-1.79799626986172	0.0004179488378343	No	No
Q86XI2	NCAPG2	-1.79498640408976	2.74230827597959e-23	No	No
Q86XJ1	GAS2L3	-1.53001629747178	6.21871725703183e-22	No	No
Q86XK3	SFR1	-1.24953193996153	5.79935008760781e-06	No	No
Q86Y91	KIF18B	-2.03357701316386	2.67710230676041e-11	No	No
Q86Y97	KMT5C	-1.42240444813869	1.188688926463e-17	No	No
Q8IVG5	SAMD9L	-1.40586967494066	0.0001606560217437	No	No
Q8IW93	ARHGEF19	-1.02208067840171	8.42906424349496e-08	No	No
Q8IX90	SKA3	-1.9126958262824	6.96430662294143e-08	No	No
Q8IYA6	CKAP2L	-2.38073253422328	2.97241142172372e-07	No	No
Q8IYT4	KATNAL2	-1.11526070989213	0.0049691006153324	No	No
Q8IYW5	RNF168	-1.90776381192224	1.11186746590138e-13	No	No
Q8IZT6	ASPM	-1.03551551871149	1.33824127595768e-12	No	No
Q8N2Z9	CENPS	-1.41721170667178	7.00785291223939e-14	No	No
Q8N3J2	METTL4	-1.55657983788421	1.89383889110078e-07	No	No
Q8N4T4	ARHGEF39	-2.39010057772178	1.30825452302959e-07	No	No
Q8N8I0	SAMD12	-1.17072112908501	0.0018457125963168	No	No
Q8NB91	FANCB	-1.63048210538759	1.6965438721232902e-09	No	No
Q8NBI5	SLC43A3	-1.06511134897201	5.26158898655971e-05	No	No
Q8NBT2	SPC24	-2.14272591676843	5.06633705788949e-09	No	No
Q8NCD3	HJURP	-1.78074669609918	1.6243709254707902e-09	No	No
Q8NEA4	FBXO36	-1.58710537580553	9.47682469054029e-05	No	No
Q8NEM2	SHCBP1	-1.56023240819676	9.49528730253205e-09	No	No
Q8NEV8	EXPH5	-1.12750923681047	2.04827196176909e-13	No	No
Q8NG31	KNL1	-1.54836343153293	2.0278438855419298e-11	No	No
Q8NI77	KIF18A	-1.61257936691548	8.328340010457271e-19	No	No
Q8TCG1	CIP2A	-1.51298289782088	3.65685579272557e-14	No	No
Q8WVK7	SKA2	-1.71229210306588	1.19409782404595e-08	No	No
Q8WVP5	TNFAIP8L1	-1.88865899421562	8.15088774626914e-09	No	No
Q8WWK9	CKAP2	-1.62908228673496	3.47408813620461e-07	No	No
Q8WXX5	DNAJC9	-1.06085257597227	2.54831031196903e-20	No	No
Q92466	DDB2	-1.24081522463963	6.98842597760898e-42	No	No
Q92674	CENPI	-1.09973429121892	7.905766614646119e-11	No	No
Q92686	NRGN	-1.42314207300303	0.001850125946378	No	No
Q92771	DDX12P	-1.43441661056097	2.0935953279286103e-09	No	No
Q92985	IRF7	-1.0189164772189	0.003631712767335	No	No
Q96B01	RAD51AP1	-1.8251747070843	9.467160499724329e-12	No	No
Q96BD8	SKA1	-2.05699472530928	7.519842116133941e-09	No	No
Q96CG3	TIFA	-1.14912812932545	0.0002954935944453	No	No
Q96FC9	DDX11	-1.38719373215404	5.42567009955538e-06	No	No
Q96FF9	CDCA5	-2.00042586154361	1.47371637332613e-07	No	No
Q96GD4	AURKB	-2.03063163354378	1.00641787588226e-08	No	No
Q96GN5	CDCA7L	-1.35569236487573	1.13553011379068e-08	No	No
Q96GX5	MASTL	-1.09261479038901	0.0002400275742086	No	No
Q96H22	CENPN	-1.22046153314819	1.6557541550435497e-11	No	No
Q96HA7	TONSL	-1.02250304230405	1.55464466351654e-12	No	No
Q96HE9	PRR11	-1.69786936668062	6.62148067291841e-10	No	No
Q96HJ3	CCDC34	-1.23877971534203	0.0011488352555601	No	No
Q96JH8	RADIL	-1.07555030083267	0.0017997248057021	No	No
Q96KB5	PBK	-2.16397703481895	2.73447436708771e-10	No	No
Q96L50	LRR1	-1.1862523950102	1.35620558699738e-07	No	No
Q96M11	HYLS1	-1.16538758593955	1.52488529579197e-06	No	No
Q96MW7	TIGD1	-1.38661572028639	0.0001204024701271	No	No
Q96NL6	SCLT1	-1.15216628126862	5.97385869621231e-08	No	No
Q96Q89	KIF20B	-1.52727998431662	4.90722751996e-19	No	No
Q96QE3	ATAD5	-1.20521300973338	1.4327750229316699e-11	No	No
Q96R06	SPAG5	-1.95166200037239	1.4931096290816098e-11	No	No
Q96T88	UHRF1	-1.94606321766756	5.99417790540158e-11	No	No
Q99618	CDCA3	-1.94442766600538	1.53682695248736e-09	No	No
Q99640	PKMYT1	-1.58350489030256	7.41565401991518e-11	No	No
Q99661	KIF2C	-1.69151749970973	1.06712089579401e-08	No	No
Q99728	BARD1	-1.38143586949658	5.02952867991648e-13	No	No
Q99741	CDC6	-1.68601992681187	7.27570244116047e-08	No	No
Q99784	OLFM1	-1.13599605403752	1.66555042402317e-05	No	No
Q9BPX3	NCAPG	-1.6467216468768	3.50310301429249e-18	No	No
Q9BRT9	GINS4	-1.17646241294188	2.9272445879055505e-09	No	No
Q9BRX5	GINS3	-1.41982120844586	1.00138578278671e-11	No	No
Q9BS16	CENPK	-1.12798991536835	4.10855149786703e-10	No	No
Q9BSJ6	PIMREG	-1.38011162623981	1.11199091883047e-06	No	No
Q9BU64	CENPO	-1.05447392556762	8.65485899290238e-08	No	No
Q9BVW5	TIPIN	-1.80765627909732	1.38916788239227e-20	No	No
Q9BVX2	TMEM106C	-1.14595937787703	0.000123979670535	No	No
Q9BW11	MXD3	-1.22481914445935	7.71584737357292e-07	No	No
Q9BW19	KIFC1	-1.8460693982221	1.2476374214573102e-09	No	No
Q9BW71	HIRIP3	-1.28803566941234	2.8969607819551504e-19	No	No
Q9BWT6	MND1	-1.50404041282894	5.2689187961309e-06	No	No
Q9BXS6	NUSAP1	-1.95008414628707	2.99867905440152e-06	No	No
Q9BXW9	FANCD2	-1.77816716727696	1.68369465517298e-14	No	No
Q9BZD4	NUF2	-1.97780133329442	1.62763588373006e-07	No	No
Q9BZJ4	SLC25A39	-1.3172846636289	1.18332241396713e-07	No	No
Q9H0H5	RACGAP1	-1.68066736584613	1.22629863071049e-12	No	No
Q9H211	CDT1	-1.23816874894409	1.29811557482769e-13	No	No
Q9H228	S1PR5	-1.09700791056036	0.0002289309265107	No	No
Q9H3R5	CENPH	-1.29186548059201	1.8122633299303603e-15	No	No
Q9H4H8	FAM83D	-1.56054808794988	2.60590014085622e-07	No	No
Q9H609	ZNF576	-1.31185437830886	9.62764688295957e-05	No	No
Q9H8V3	ECT2	-1.57444995721816	7.99296098097251e-15	No	No
Q9H967	WDR76	-2.08769993978403	4.14298346089669e-10	No	No
Q9H9A7	RMI1	-1.77041522807275	8.09318194063118e-21	No	No
Q9H9K5	ERVMER34-1	-1.22600247510047	0.0095589296041153	No	No
Q9HAW4	CLSPN	-1.23556520547323	1.38667635467333e-05	No	No
Q9HBM1	SPC25	-2.25589681669185	3.55506722956776e-09	No	No
Q9NPD8	UBE2T	-1.96198830977475	1.4653907704232701e-09	No	No
Q9NQS7	INCENP	-1.93835117399696	3.8744723571731794e-11	No	No
Q9NQW6	ANLN	-1.55752231072533	1.35346271599697e-06	No	No
Q9NRJ5	PAPOLB	-1.55031011305121	4.83956292581029e-05	No	No
Q9NRZ9	HELLS	-1.81385306295655	9.14231073628445e-10	No	No
Q9NS87	KIF15	-1.55908133688902	2.4238711813826e-11	No	No
Q9NS91	RAD18	-1.45552383025639	3.43525627145343e-22	No	No
Q9NSG2	C1orf112	-1.03824278418472	4.1328785705597997e-14	No	No
Q9NSP4	CENPM	-1.01543326649651	2.53048464065465e-05	No	No
Q9NTJ3	SMC4	-1.35531658135055	1.71882508795768e-27	No	No
Q9NUC0	SERTAD4	-1.23810581760403	2.36685132857862e-08	No	No
Q9NVI1	FANCI	-1.98231285869991	1.83714026732027e-13	No	No
Q9NVP2	ASF1B	-1.17780730995554	2.20927103006423e-06	No	No
Q9NW38	FANCL	-1.35030387050048	2.45098373602862e-05	No	No
Q9NYK6	EURL	-1.82961607788915	0.0001129398584818	No	No
Q9NYP3	DONSON	-1.84665822388797	5.89546525134645e-06	No	No
Q9NYP9	MIS18A	-1.27917251407742	5.7978296510016804e-15	No	No
Q9NYZ3	GTSE1	-1.59694309434632	2.26254482688445e-05	No	No
Q9NZJ0	DTL	-1.14520832612938	2.05350504624694e-06	No	No
Q9P2W1	PSMC3IP	-2.30395976183386	1.31641881713379e-12	No	No
Q9UBC3	DNMT3B	-1.19832496298348	1.67628241952137e-05	No	No
Q9UH17	APOBEC3B	-1.62474824932948	7.15765265304285e-14	No	No
Q9UIF7	MUTYH	-1.34488654595648	5.88670505410298e-07	No	No
Q9UKT4	FBXO5	-1.39414399151069	3.2220592879555e-08	No	No
Q9ULW0	TPX2	-1.72922632254178	2.29778277929567e-07	No	No
Q9UNS1	TIMELESS	-1.53114715056015	5.78434250198758e-21	No	No
Q9UQ84	EXO1	-1.47587830329452	4.04239734892287e-08	No	No
Q9UQR0	SCML2	-1.04715269986276	1.21145368001868e-20	No	No
Q9Y222	DMTF1	-1.3993994456084	4.9774949060709e-05	No	No
Q9Y248	GINS2	-1.2022832505831	3.43552108020578e-10	No	No
Q9Y253	POLH	-1.37259791011498	3.80013140373554e-07	No	No
Q9Y2D8	SSX2IP	-1.31758731529546	4.17172679035861e-06	No	No
Q9Y448	KNSTRN	-2.10262292021975	2.5521939569258797e-11	No	No
Q9Y592	CEP83	-1.55003511097217	7.90568837351891e-07	No	No
Q9Y5N6	ORC6	-1.09582433082781	0.0002513471413688	No	No
Q9Y5T4	DNAJC15	-1.26449460401485	2.4154396692423403e-10	No	No
Q9Y620	RAD54B	-1.17942533366592	3.79547582024129e-08	No	No
Q9Y6A5	TACC3	-1.52602561412901	9.49995004168527e-08	No	No
