Protein_Group	Genes	Bait_vs_Ctrl_logFC	Bait_vs_Ctrl_pval	Removed?	Contaminant?
O00429	DNM1L	4.00397676142025	0.0001715694666865	No	No
O14908	GIPC1	4.19298201061316	4.85131673965349e-06	No	No
O15049	N4BP3	4.84339046082966	3.40603506701018e-07	No	No
O15160	POLR1C	4.62716158338173	1.919362118835e-08	No	No
O15417	TNRC18	4.85876956991751	0.0019203761205845	No	No
O43747	AP1G1	4.18282218910488	2.69202179896233e-07	No	No
O43795	MYO1B	4.42612716886448	5.97395463591962e-06	No	No
O60831	PRAF2	4.3803217480979	1.74079439245005e-10	No	No
O75376	NCOR1	4.7948269231987	0.0005387459252505	No	No
O75394	MRPL33	4.5355900329225	7.19069311495889e-06	No	No
O75787	ATP6AP2	6.92305138697641	3.06030271470566e-10	No	No
O76071	CIAO1	4.77382229939204	1.42424969251945e-09	No	No
O94776	MTA2	4.20807142575913	0.0012124974042802	No	No
O94826	TOMM70	4.04106833833275	1.44946933493902e-07	No	No
O94919	ENDOD1	4.97926277446594	7.63737231979055e-06	No	No
O95816	BAG2	3.89710209014534	2.28228367640558e-06	No	No
O95832	CLDN1	4.6902932425842	4.17278533755917e-10	No	No
P00387	CYB5R3	6.97692028710941	2.3707931755203e-09	No	No
P00846	MT-ATP6	4.8541540059752	1.36085709732802e-08	No	No
P01877	IGHA2	4.96505197412961	4.87637178818708e-06	No	No
P05455	SSB	5.5033440288272	3.8253940539245e-11	No	No
P06400	RB1	7.13004220346733	8.68850281382437e-10	No	No
P09497	CLTB	5.7531142410826	5.84252119900484e-11	No	No
P11532	DMD	4.24210249232489	3.65378528735211e-06	No	No
P16144	ITGB4	3.90630067043945	0.0030585041142129	No	No
P17302	GJA1	6.00895906283594	1.86868036585538e-05	No	No
P18206	VCL	4.07066201146196	0.0004614539863279	No	No
P20248	CCNA2	4.71777928411424	7.78965024185156e-06	No	No
P22223	CDH3	4.64523834535201	2.82972475317e-09	No	No
P24385	CCND1	11.5790136687939	2.9641757743431503e-14	No	No
P30281	CCND3	14.6090339262285	4.97256117357759e-17	No	No
P33908	MAN1A1	5.8903129444377	3.09576424490296e-11	No	No
P37268	FDFT1	5.27828107618361	9.61679203916518e-10	No	No
P38936	CDKN1A	13.2180130837823	3.86806321168863e-16	No	No
P41227	NAA10	5.12251567095976	5.65008702658842e-05	No	No
P42772	CDKN2B	14.9503657068455	2.93667172252834e-17	No	No
P42773	CDKN2C	17.2003570924737	1.84287078543243e-15	No	No
P46060	RANGAP1	5.28589567229445	5.83218836954799e-09	No	No
P46527	CDKN1B	12.6849507997229	2.29121922484617e-13	No	No
P47755	CAPZA2	4.84608023839108	1.26586005409976e-09	No	No
P49792	RANBP2	4.04958388297097	4.24285405101498e-06	No	No
P49918	CDKN1C	10.7005092588765	3.31305216402477e-13	No	No
P52566	ARHGDIB	6.568057101661	3.09659758743463e-09	No	No
P52948	NUP98	4.52887943288498	0.0024574567138897	No	No
P53350	PLK1	5.25167724380649	2.39149188176458e-05	No	No
P53803	POLR2K	11.2255480120119	2.21976467284111e-15	No	No
P53814	SMTN	5.01396526661118	1.75947736869081e-06	No	No
P54132	BLM	4.35365028030055	6.61297276345987e-09	No	No
P55273	CDKN2D	12.9873542124161	7.518565738815641e-14	No	No
P57740	NUP107	5.99310894518052	0.0006384076672222	No	No
P61769	B2M	3.96021979329355	3.7463437188352405e-09	No	No
P61964	WDR5	4.21277862388284	2.49461710681641e-07	No	No
Q00534	CDK6	8.70362904105219	4.41871492902753e-09	No	No
Q02241	KIF23	4.7730683194929	1.68330845992439e-05	No	No
Q03167	TGFBR3	6.99989219815496	4.72042725647965e-08	No	No
Q08999	RBL2	10.3557280765697	8.177042479969329e-11	No	No
Q10589	BST2	5.17594691142066	9.10057693873302e-07	No	No
Q13404	UBE2V1	6.1573929241981	2.17560825041615e-07	No	No
Q13444	ADAM15	5.82699098592543	0.0090157583552617	No	No
Q14204	DYNC1H1	4.21139647337188	2.6218506682056e-06	No	No
Q14554	PDIA5	4.50470600842636	1.0699665218742e-06	No	No
Q14667	KIAA0100	6.64047060542821	7.77480465302775e-11	No	No
Q14676	MDC1	4.42247708949334	2.96272386210116e-05	No	No
Q14687	GSE1	5.16884222369782	3.77273198779846e-05	No	No
Q14690	PDCD11	4.31203500535835	0.0002525424007689	No	No
Q14703	MBTPS1	5.16082901738912	5.41632666134514e-05	No	No
Q15329	E2F5	4.93360639459412	2.16565437379827e-06	No	No
Q16543	CDC37	4.58394675390233	7.3482741918759e-09	No	No
Q16643	DBN1	8.60675952252178	0.0008354375391482	No	No
Q16678	CYP1B1	4.03657898857715	0.0058873818655681	No	No
Q16740	CLPP	4.72058768227091	1.82243608085833e-08	No	No
Q2TB10	ZNF800	4.43662641685171	1.8540143261493702e-09	No	No
Q5JVF3	PCID2	6.08791064032839	5.64759478540345e-08	No	No
Q68E01	INTS3	6.21962207639784	3.4292837240728895e-11	No	No
Q6NTE8	MRNIP	4.76236325374306	9.06648836601851e-09	No	No
Q6PGN9	PSRC1	4.03665760259517	0.0022457035598038	No	No
Q6PJ69	TRIM65	7.12951743102744	0.0006618785087512	No	No
Q6QNY0	BLOC1S3	5.62752942487394	2.5590255778354698e-11	No	No
Q7Z406	MYH14	4.60635867503128	3.23575494622558e-06	No	No
Q86XL3	ANKLE2	3.88436186081121	0.0017054873385874	No	No
Q86YP4	GATAD2A	5.54053973586491	3.48046123277716e-05	No	No
Q8IXK0	PHC2	4.7844756536355	2.38230375451874e-07	No	No
Q8N0Z3	SPICE1	5.28816810634667	6.533985473316689e-11	No	No
Q8NCG7	DAGLB	5.45152365796339	4.23421037535666e-09	No	No
Q8NCN4	RNF169	4.15524225235599	1.3961559411115e-06	No	No
Q8NEG4	FAM83F	3.96189242054376	1.27841949007458e-08	No	No
Q8TAT6	NPLOC4	4.14101110089408	1.7176798843792e-05	No	No
Q8TDR2	STK35	4.47222504041786	2.85933536583617e-06	No	No
Q8WWQ0	PHIP	4.84474784189536	0.0002429097457247	No	No
Q8WYP5	AHCTF1	6.18137270388217	8.18145376326094e-05	No	No
Q92530	PSMF1	4.04864068568558	4.59972250962694e-05	No	No
Q92817	EVPL	3.90107041777325	0.0018826210064819	No	No
Q96HY6	DDRGK1	5.48778886285335	0.0001722849695928	No	No
Q9BRK3	MXRA8	4.94198505205995	3.11990342821932e-05	No	No
Q9BTC8	MTA3	4.372700097992	1.00814668845546e-06	No	No
Q9BTY7	HGH1	3.99489410779166	8.391042653776e-05	No	No
Q9BUB7	TMEM70	5.49403865681659	3.92536284477853e-05	No	No
Q9BW60	ELOVL1	5.50000782379605	1.51727936516458e-10	No	No
Q9BZE1	MRPL37	4.2314017141448	0.0001387735668761	No	No
Q9GZL7	WDR12	6.41299545518741	5.1085606973671396e-11	No	No
Q9GZM7	TINAGL1	4.36412366520551	0.0007800147188647	No	No
Q9H4I3	TRABD	5.21614087234322	2.1924271437920697e-11	No	No
Q9H9Z2	LIN28A	4.43687633146866	6.86295780863942e-08	No	No
Q9NNX1	TUFT1	4.05927026970507	3.04139037064877e-08	No	No
Q9NR12	PDLIM7	4.40733964778809	2.43001252443226e-05	No	No
Q9NV96	TMEM30A	5.94699766496816	1.41024651374199e-06	No	No
Q9P265	DIP2B	3.99787570183678	0.0044653441641571	No	No
Q9UHQ9	CYB5R1	6.33752068688614	1.11333732185196e-11	No	No
Q9UIG0	BAZ1B	5.37104061486482	5.36092723469756e-05	No	No
Q9UIJ7	AK3	4.39267253862387	1.73745523809053e-05	No	No
Q9UKJ3	GPATCH8	5.06970738160217	2.61304344492093e-07	No	No
Q9UKX7	NUP50	4.58804074674405	1.8454591872366502e-09	No	No
Q9ULD2	MTUS1	4.78993958365016	6.20023624901936e-06	No	No
Q9UPN4	CEP131	4.99083522653628	5.79249256444904e-08	No	No
Q9Y2J4	AMOTL2	3.9760508371444	0.0001093626252617	No	No
Q9Y4C2	TCAF1	5.51374373474891	1.7248209046493102e-09	No	No
Q9Y5G0	PCDHGB5	6.9177098585257	1.51670325184717e-08	No	No
Q9Y5H3	PCDHGA10	4.65332674242932	6.09762756898408e-09	No	No
Q9Y5Y6	ST14	4.24395088263747	2.41247866093045e-06	No	No
Q9Y6M1	IGF2BP2	5.33995563946051	3.1001984699834e-05	No	No
O15231	ZNF185	-6.56055564273963	9.10035944148578e-09	No	No
O43157	PLXNB1	-4.23061645734575	0.0015223335755116	No	No
P21980	TGM2	-4.72815481218809	2.56014404265919e-08	No	No
Q96EX3	DYNC2I2	-6.23796082494277	0.0003537308753072	No	No
Q96NY9	MUS81	-4.81014232783226	0.00128347406859	No	No
Q9BR39	JPH2	-6.38664525640589	9.22789315965035e-08	No	No
Q9H2W6	MRPL46	-4.28591783955558	0.000377021852872	No	No
Q9NQ50	MRPL40	-4.17513053249183	0.0055861735437035	No	No
Q9P270	SLAIN2	-5.36133228697678	0.0065673235164042	No	No
Q9UJ70	NAGK	-4.55695913937356	0.0011344413555904	No	No
