Protein_Group	Genes	MYB5_vs_Control_logFC	MYB5_vs_Control_pval	Removed?	Contaminant?
A6NHR9	SMCHD1	1.15643466792749	0.0098307720257124	No	No
MYB5-Flag	MYB5-Flag	10.0660846297501	3.09592625929204e-07	No	No
O14548	COX7A2L	1.60719286571674	7.67503557363275e-05	No	No
O14562	UBFD1	1.4374112128345	0.0009935567896656	No	No
O14662	STX16	5.98985091003226	0.0033045041214592	No	No
O14787	TNPO2	2.65583494060896	0.0067459300157007	No	No
O14841	OPLAH	2.25065288263882	0.0024849579611954	No	No
O15213	WDR46	2.41029130203814	0.0072794300827162	No	No
O15217	GSTA4	1.21565664878994	0.0051751836039968	No	No
O43463	SUV39H1	6.40535152006806	2.56026786324771e-06	No	No
O43657	TSPAN6	1.20124539491743	0.0028636319239365	No	No
O43665	RGS10	1.92198916475002	0.0001823271031525	No	No
O60279	SUSD5	1.28856528445233	0.0003605233156961	No	No
O60814;P57053;P58876;P62807;Q5QNW6;Q93079;Q99877;Q99879;Q99880	H2BC12;H2BC12L;H2BC13;H2BC14;H2BC15;H2BC18;H2BC4;H2BC5;H2BC9	1.95027555228567	0.0044489342697535	No	No
O75367	MACROH2A1	2.49770059197662	0.0095948712537289	No	No
O75531	BANF1	2.16894986382766	0.0023450381664092	No	No
O76024	WFS1	5.62905766729084	0.0060823233637963	No	No
O76075	DFFB	1.78813964074718	0.0003837404779241	No	No
O95271	TNKS	3.00666913427838	3.54062353855843e-05	No	No
O95696	BRD1	2.50425542580762	0.0034910686536592	No	No
O95833	CLIC3	1.82597865668457	0.0093676517863559	No	No
P04908;P0C0S8;P20671;Q16777;Q6FI13;Q7L7L0;Q93077;Q96KK5;Q99878;Q9BTM1	H2AC11;H2AC12;H2AC14;H2AC18;H2AC20;H2AC25;H2AC4;H2AC6;H2AC7;H2AJ	2.44949106755703	0.0023002072983693	No	No
P07942	LAMB1	2.7849301367033	0.0006382263234055	No	No
P08123	COL1A2	1.75037938958224	0.0081594332767596	No	No
P08842	STS	2.56158596087096	0.0023109812307817	No	No
P0C0S5;Q71UI9	H2AZ1;H2AZ2	1.49168098439792	0.0079888961062971	No	No
P13611	VCAN	4.27932781857975	9.54571937426073e-08	No	No
P14174	MIF	1.23171640794912	0.0004476760006275	No	No
P16104	H2AX	1.74552500467007	0.0061605869043654	No	No
P17405	SMPD1	2.42756512455478	0.0012432069270941	No	No
P18858	LIG1	1.64799703867806	0.0013758888186248	No	No
P21397	MAOA	1.59207779355814	0.0054352246652096	No	No
P22626	HNRNPA2B1	1.35507153596292	0.0036868913528682	No	No
P22760	AADAC	1.59608783110476	0.0041576712493839	No	No
P25391	LAMA1	3.96418570027429	0.000168194662587	No	No
P30046	DDT	1.14321021218942	0.0008353828477765	No	No
P35558	PCK1	2.08503784895186	0.0002894210089464	No	No
P37235	HPCAL1	2.07409188912787	0.0015719787478994	No	No
P40424	PBX1	1.4246797990589	0.0049364748710385	No	No
P49069	CAMLG	4.08861113246337	0.0090914071421173	No	No
P49418	AMPH	1.72982161057985	0.0018939737110894	No	No
P49917	LIG4	2.51432192205751	0.0003377536395516	No	No
P50607	TUB	1.67796374501676	0.0059980016701755	No	No
P53365	ARFIP2	1.61202481683727	0.0018721265904453	No	No
P54274	TERF1	10.8788937170485	1.88475356305544e-08	No	No
P54707	ATP12A	5.58292278080496	0.0005841480156435	No	No
P54793	ARSF	4.0855873656136	4.47236571181238e-07	No	No
P56945	BCAR1	1.46853640466803	0.0066876894510303	No	No
P60602	ROMO1	3.98026871170313	3.36396195151153e-05	No	No
P62256	UBE2H	2.15691300966168	0.0005893131711052	No	No
P62805	H4C1	2.24242572665724	0.0042481079602109	No	No
P68402	PAFAH1B2	1.34482506418761	0.0006640561388445	No	No
P68543	UBXN2A	1.20602719501673	0.0003152711366804	No	No
P78382	SLC35A1	4.7332301156595	3.77976588818753e-08	No	No
P78560	CRADD	1.7381578646819	0.0003273803411389	No	No
Q02083	NAAA	4.1904955813654	3.74184175476684e-06	No	No
Q05707	COL14A1	4.95199878963839	0.0058491554445805	No	No
Q06418	TYRO3	1.78786564080303	4.21211505089961e-05	No	No
Q07002	CDK18	2.29736248364983	0.0013342501173723	No	No
Q07617	SPAG1	2.96492348270707	0.0014260542451405	No	No
Q08752	PPID	1.85328114512545	0.0077196795577068	No	No
Q12857	NFIA	1.33202111318753	7.8438868873546e-05	No	No
Q12983	BNIP3	1.89410767478568	0.0014858429878844	No	No
Q14191	WRN	4.3480150515623	1.65471606968276e-07	No	No
Q14534	SQLE	1.6894327347223	0.0009797996393881	No	No
Q15004	PCLAF	1.61022689675712	0.0086021688000758	No	No
Q15121	PEA15	4.33202913600463	0.00798062227166	No	No
Q15269	PWP2	1.44057684563757	0.0035708876129326	No	No
Q15398	DLGAP5	1.76095862188089	0.0057409845470798	No	No
Q15418	RPS6KA1	1.78666378014665	0.0006928050368104	No	No
Q16254	E2F4	3.1805420636621	0.0017700474992103	No	No
Q16667	CDKN3	3.88370291307004	4.82338328847768e-07	No	No
Q3KQV9	UAP1L1	2.20733450998117	0.0038503410786904	No	No
Q3ZAQ7	VMA21	1.29345911955035	0.0006625763532716	No	No
Q3ZCW2	LGALSL	1.72393853552459	0.0011621764590154	No	No
Q4J6C6	PREPL	1.90435977543637	0.0046174249229829	No	No
Q5KU26	COLEC12	3.1917235587634	0.0056191450545931	No	No
Q5TEC6	H3-7	2.05304370932069	0.0058301409631021	No	No
Q6DHV7	MAPDA	3.11096762003271	2.87927241883028e-07	No	No
Q6NUK4	REEP3	1.14875491698888	0.0006154641346628	No	No
Q6P4R8	NFRKB	2.30604308895496	0.0061445994387895	No	No
Q6UX71	PLXDC2	2.38697727282602	0.0002305917873816	No	No
Q702N8	XIRP1	1.6374168362188	0.0027843551361364	No	No
Q7Z3D4	LYSMD3	1.23546190475706	0.0040567459786252	No	No
Q8IU85	CAMK1D	2.88517453249003	0.0088131280120135	No	No
Q8IXJ6	SIRT2	2.02117060737841	0.0004512915734576	No	No
Q8IXM6	NRM	1.52610864919297	0.0002714099913113	No	No
Q8IY92	SLX4	4.18475131054027	0.0037196064719726	No	No
Q8N0U4	FAM185A	2.05083183689512	0.0001064451648575	No	No
Q8N257	H2BC26	1.97209685809761	0.0065677812285869	No	No
Q8N392	ARHGAP18	1.62612353209548	0.0076871794407399	No	No
Q8N4H5	TOMM5	2.90768123921062	7.04824586303418e-07	No	No
Q8N9N8	EIF1AD	1.45884285198162	0.0017334619936157	No	No
Q8NCW5	NAXE	1.2077832953829	0.0032618319430088	No	No
Q8NDZ6	TMEM161B	2.6171636992468	0.0067959975776196	No	No
Q8NFY9	KBTBD8	1.45828482290895	0.0003575281029597	No	No
Q8NHS3	MFSD8	1.58794982441405	0.001278063134802	No	No
Q8TDQ7	GNPDA2	1.72788267684408	0.0035344769240108	No	No
Q8TF72	SHROOM3	1.22536564714052	0.0098310985856562	No	No
Q8WTV0	SCARB1	1.2594352923248	0.007496049280677	No	No
Q8WV93	AFG1L	2.38896944901015	0.007504297796925	No	No
Q92993	KAT5	1.29127738567829	0.0032124983858813	No	No
Q969S8	HDAC10	2.65663318761862	3.29394643794508e-05	No	No
Q969X0	RILPL2	1.18541165673357	0.0013807170215516	No	No
Q96A08	H2BC1	1.67545434489173	0.0095543618349117	No	No
Q96AJ9	VTI1A	3.41124260141388	0.004506491666286	No	No
Q96AP0	ACD	3.62451935630786	0.0007933113259248	No	No
Q96AT1	KIAA1143	1.19602612169552	0.0026645240578865	No	No
Q96DE0	NUDT16	1.58263169610921	0.005364226415397	No	No
Q96EN8	MOCOS	2.51184243577482	0.0099208871894127	No	No
Q96K19	RNF170	2.17609280630974	0.0099106256206862	No	No
Q96L93	KIF16B	3.66505221793244	0.0091425573033186	No	No
Q96PV6	LENG8	1.28896399458905	0.0028174202869136	No	No
Q96S38	RPS6KC1	2.99200441680004	0.006622550160903	No	No
Q96S90	LYSMD1	1.2746180100524	0.0010576660594057	No	No
Q96T23	RSF1	3.90173260387938	0.0017887332232893	No	No
Q99807	COQ7	4.60034882706104	0.0032897985855163	No	No
Q9BPX7	C7orf25	3.38583773264053	0.0012473186572877	No	No
Q9BS16	CENPK	1.79362480798197	0.0004897194445029	No	No
Q9BSI4	TINF2	5.12072423785445	4.89936300428033e-07	No	No
Q9BTX7	TTPAL	1.13751460486673	0.0005228528679949	No	No
Q9BW30	TPPP3	3.84346849912188	0.0003488833271757	No	No
Q9BZK3	NACA4P	3.09746996994287	2.45374434687204e-07	No	No
Q9H2E6	SEMA6A	1.3276511020081	0.0084844971180962	No	No
Q9H2K2	TNKS2	4.67609862090645	0.0004606708658225	No	No
Q9H3H1	TRIT1	2.47616970809864	0.0001922713631683	No	No
Q9H467	CUEDC2	1.33300716571935	0.0058342998206597	No	No
Q9H477	RBKS	3.14848545652134	2.81378024693025e-06	No	No
Q9H816	DCLRE1B	2.64204181266388	9.74601896282563e-05	No	No
Q9NQ86	TRIM36	1.58518014649846	0.0032116360635908	No	No
Q9NR46	SH3GLB2	2.23557471444889	0.0013679835766673	No	No
Q9NUX5	POT1	3.00941437821071	9.5679667192073e-05	No	No
Q9NV06	DCAF13	2.07929963017392	0.0041983204046463	No	No
Q9NWH9	SLTM	1.25705335614096	0.0034392778126285	No	No
Q9NWT6	HIF1AN	3.45261797479396	0.0021196657625925	No	No
Q9NWX6	THG1L	1.34120260488689	0.0006923161095353	No	No
Q9NX76	CMTM6	4.79302882241655	1.19161644185115e-06	No	No
Q9P2E3	ZNFX1	3.79596065979357	1.07419503687989e-07	No	No
Q9UHY7	ENOPH1	1.4002648875779	0.0054261455355222	No	No
Q9UJ71	CD207	4.73689677691559	0.0001803855931773	No	No
Q9UKT5	FBXO4	2.77422727766375	0.0003467440925563	No	No
Q9UNH6	SNX7	3.61435870529197	0.001975310763758	No	No
Q9UNX4	WDR3	1.55981281402418	0.0048272559965968	No	No
Q9Y251	HPSE	2.27211965608857	0.0045518481228489	No	No
Q9Y2S2	CRYL1	1.29906329414016	0.0006218442214169	No	No
Q9Y3E0	GOLT1B	2.89852843376464	0.0005612116041668	No	No
Q9Y3P9	RABGAP1	1.29562330013068	0.0063928356397163	No	No
Q9Y3Q8	TSC22D4	2.08522433769312	0.0072114903661165	No	No
Q9Y3T6	R3HCC1	1.43886098963701	0.0010555596256798	No	No
Q9Y680	FKBP7	5.91086405862726	0.0004293735557424	No	No
