Protein_Group	Genes	cMyc_OE_5_Non Treated_vs_T47D _Non Treated_logFC	cMyc_OE_5_Non Treated_vs_T47D _Non Treated_pval	Removed?	Contaminant?
A0A024RBG1	NUDT4B	2.45082794243977	1.4717998249012298e-18	No	No
A8MTY0	ZNF724	1.05196654334536	0.0033952945089075	No	No
A8MXV4	NUDT19	1.10445561230214	4.67094413958745e-17	No	No
C9JA33	PALM2AKAP2	1.21398559626843	8.163795262480449e-26	No	No
O00458	IFRD1	1.07404297639242	0.0009294056703102	No	No
O43248	HOXC11	1.26894108753144	6.54873283018264e-06	No	No
O75452	RDH16	1.66714271510019	2.85807039953067e-16	No	No
O76087;P0CL80;P0CL81;P0CL82	GAGE7;GAGE12F;GAGE12G;GAGE12I	1.29879529516492	5.92445387929558e-17	No	No
O94889	KLHL18	1.82407065148939	4.54418082040658e-16	No	No
O95164	UBL3	1.64060104487891	3.05160046779988e-29	No	No
O95490	ADGRL2	1.34452367406126	1.0384432828112502e-09	No	No
O95816	BAG2	1.15914459374681	1.79132319236406e-13	No	No
P01040	CSTA	1.50095255133194	0.0013494592669019	No	No
P01591	JCHAIN	1.99367801388581	1.57149177000845e-07	No	No
P01876	IGHA1	4.45740678740885	1.98953523632431e-16	No	No
P05091	ALDH2	2.01258647196234	5.97021577472334e-33	No	No
P05109	S100A8	2.69584303030027	2.37798154744004e-05	No	No
P06702	S100A9	2.19361953548329	0.0006023266839811	No	No
P08195	SLC3A2	1.3220295521455	4.00736562827469e-39	No	No
P08842	STS	1.16694187514	4.221787033929751e-09	No	No
P08913	ADRA2A	1.79427474290894	0.0001149720511346	No	No
P0DMQ5	INAFM2	1.02597241467733	2.2396084530447e-07	No	No
P10589	NR2F1	4.1982525292982	1.36170424712162e-14	No	No
P10909	CLU	1.6862400986426	1.8793873473226598e-34	No	No
P10912	GHR	1.66437046425302	2.0200144633844603e-09	No	No
P11532	DMD	1.94822214467274	1.76070127394751e-10	No	No
P16671	CD36	1.0008263843771	0.0011652055144654	No	No
P17019	ZNF708	1.53781130331946	0.0001852854543843	No	No
P18847	ATF3	1.148889403428	4.82939133086947e-05	No	No
P21583	KITLG	1.34351245891054	2.98132843872203e-16	No	No
P22455	FGFR4	1.14683507914919	2.31787994085161e-05	No	No
P24298	GPT	1.47570315244887	6.37572121761616e-06	No	No
P30405	PPIF	1.07415650970171	3.16903385481406e-06	No	No
P30550	GRPR	1.60087792452025	0.0017257433691153	No	No
P35638	DDIT3	1.62361208321818	1.70703840163977e-10	No	No
P42330	AKR1C3	1.05265356966352	6.5766024123647e-07	No	No
P47712	PLA2G4A	1.85742131431474	1.49111522449381e-16	No	No
P50440	GATM	1.29170082306782	4.9481904963676e-21	No	No
P50461	CSRP3	1.39915343850905	0.0063274081091548	No	No
P51884	LUM	4.39438124670798	1.7930412964976e-22	No	No
P52789	HK2	1.61112550441204	9.26951563653339e-37	No	No
P52799	EFNB2	1.22864541586927	0.0003279494845866	No	No
P53985	SLC16A1	1.37843201518243	4.6782358755581e-10	No	No
P56159	GFRA1	1.83964656035741	6.60688090439093e-07	No	No
P58005	SESN3	1.10062266791381	0.0019298300722551	No	No
Q01650	SLC7A5	1.46280739049208	1.30359075307991e-28	No	No
Q12887	COX10	1.31326634168135	3.75037691357532e-10	No	No
Q13066	GAGE2C	1.66792246667091	4.47135406353116e-12	No	No
Q13069;Q13070	GAGE5;GAGE6	1.34974839481179	1.65448756180151e-06	No	No
Q13268	DHRS2	1.85091399573636	2.3457514122094897e-12	No	No
Q13740	ALCAM	1.24032190930656	5.78704566937076e-26	No	No
Q13884	SNTB1	1.40300069838835	2.4118102034275103e-15	No	No
Q14469	HES1	1.26135385803341	1.54058162417062e-08	No	No
Q16549	PCSK7	1.2808836174481	1.13523487170111e-05	No	No
Q16719	KYNU	1.09587842049858	5.170703608202e-29	No	No
Q2M3V2	SOWAHA	1.65765776940985	1.17258189471965e-27	No	No
Q2QL34	MPV17L	1.30963260539169	0.0011191184085887	No	No
Q5JYT7	KIAA1755	4.70284608354089	0.0001664284208247	No	No
Q5SRE7	PHYHD1	1.88788856445559	3.39942141548128e-10	No	No
Q5SXH7	PLEKHS1	1.14967860005689	0.0036238151716636	No	No
Q5T481	RBM20	1.9351695748986	4.288152979755941e-09	No	No
Q5T9A4	ATAD3B	2.1704867619326	1.8010341382187e-13	No	No
Q5VT97	SYDE2	1.20955495867297	1.21147531117401e-07	No	No
Q687X5	STEAP4	2.23555135718195	1.07944039278988e-07	No	No
Q6AZY7	SCARA3	1.68920376994462	3.36358508592495e-05	No	No
Q6NVU6	UFSP1	1.37585158696574	0.0044846485152622	No	No
Q6ZUT6	CCDC9B	1.44798134636731	7.04972611741057e-08	No	No
Q6ZUX7	LHFPL2	1.40831842056553	0.0027908730227926	No	No
Q7L0X0	TRIL	1.54542967385613	8.60325803707012e-18	No	No
Q7Z7K6	CENPV	1.81354970715839	3.89839538761811e-09	No	No
Q86UK0	ABCA12	1.23866360907145	4.28294563910897e-16	No	No
Q86V24	ADIPOR2	1.30720113472433	8.50558077843732e-05	No	No
Q8IXV7	KLHDC8B	1.05696329936997	4.82663000242697e-06	No	No
Q8IXX5	TMEM183A	1.1663883567453	1.34361186032521e-10	No	No
Q8N8J6	ZNF615	2.03347203342877	2.4700298334903e-05	No	No
Q8NCU8	MTLN	2.00786451768924	0.0001261374649488	No	No
Q8TC76	FAM110B	1.45363089058336	0.0001339293494317	No	No
Q8TD30	GPT2	1.51996680356222	5.3998282895227396e-30	No	No
Q8TE85	GRHL3	2.7739556215955	6.51711472251945e-05	No	No
Q8WUU4	ZNF296	1.70023239682387	0.000270460217309	No	No
Q8WYL5	SSH1	1.04448757232802	1.15188996053141e-06	No	No
Q92521	PIGB	1.10440009018307	0.0018542273990014	No	No
Q96BM1	ANKRD9	1.12006291111279	1.08762416488067e-05	No	No
Q96EK9	KTI12	1.04252067130343	3.02834030833084e-17	No	No
Q96FI4	NEIL1	1.02615836814763	7.5685655825462e-06	No	No
Q96IU2	ZBED3	1.30011814820766	0.0006544470713973	No	No
Q96JA1	LRIG1	1.16251644366969	5.64771269628049e-22	No	No
Q96KS0	EGLN2	1.04945795004578	1.48939202762934e-05	No	No
Q96RU7	TRIB3	1.20512723244129	0.0002009265207885	No	No
Q96S53	TESK2	1.64753968116046	5.41013550833569e-19	No	No
Q96S99	PLEKHF1	1.71599834770225	1.89286916613853e-11	No	No
Q96SI1	KCTD15	1.03672344400584	2.4122706314945198e-18	No	No
Q9BQR3	PRSS27	1.46157829513292	4.08050096225402e-07	No	No
Q9BWC9	CCDC106	1.09075852234447	1.01291562947662e-08	No	No
Q9BZI1	IRX2	1.2124665980703	6.59028012720004e-11	No	No
Q9C010	PKIB	1.08119577100327	1.30764603208514e-05	No	No
Q9H246	C1orf21	1.78210077592909	0.0003010911372495	No	No
Q9H3S4	TPK1	1.42435288531897	0.0014389379679648	No	No
Q9H568	ACTL8	4.86797020367212	6.46015347036231e-26	No	No
Q9H5V7	IKZF5	1.20324545010301	0.0004093402609428	No	No
Q9H6R3	ACSS3	1.32717946862599	1.17907242361259e-34	No	No
Q9H9K5	ERVMER34-1	1.78491805067348	2.5070240319983e-06	No	No
Q9HCY8	S100A14	1.28014813429681	0.0042472842988305	No	No
Q9HD67	MYO10	1.75205326253038	1.8644919494905403e-15	No	No
Q9NPB8	GPCPD1	1.29918333326539	1.1463929952421901e-17	No	No
Q9NPF2	CHST11	1.28194099536707	4.27146408420902e-06	No	No
Q9NZJ9	NUDT4	1.94562216928873	2.46959842047867e-38	No	No
Q9UH36	SRRD	1.00758971833898	0.0050053987832339	No	No
Q9UKW6	ELF5	1.07752303397406	2.13451788425671e-05	No	No
Q9UN76	SLC6A14	4.48490090915846	3.13248603361385e-12	No	No
Q9UPW6	SATB2	1.05654939992698	0.0044051327814129	No	No
Q9Y2D0	CA5B	1.4804861857941	6.79374107378728e-26	No	No
Q9Y2D5	AKAP2	1.13437994426757	1.1510583963863e-09	No	No
Q9Y2J8	PADI2	1.26782133033372	3.95363754435833e-06	No	No
Q9Y3A0	COQ4	1.49062486229558	1.3139636234480101e-14	No	No
Q9Y5L2	HILPDA	1.23712047707962	1.96677976977836e-05	No	No
A6ND36	FAM83G	-1.09620230771408	2.7024265743812804e-09	No	No
A6NDB9	PALM3	-1.39961726086582	3.0279575233802895e-11	No	No
A6NEE1	PLEKHD1	-2.17580555221176	6.491589710467e-18	No	No
A6NMX2	EIF4E1B	-1.6427244158442	8.10244433020732e-12	No	No
A8MSI8	LYRM9	-1.01227637494535	2.9434469734171e-05	No	No
B2RUZ4	SMIM1	-1.39221401804147	3.93806730165153e-17	No	No
O00391	QSOX1	-1.71692288981077	2.2800322510826498e-33	No	No
O00469	PLOD2	-1.17551967065631	3.95406941242843e-34	No	No
O00560	SDCBP	-1.7386619637347	3.73586664676179e-32	No	No
O00562	PITPNM1	-1.89654062424564	4.79946207509882e-21	No	No
O14531	DPYSL4	-1.48151327907357	2.8508388134962704e-19	No	No
O14798	TNFRSF10C	-1.00405954926314	0.0014902013186025	No	No
O14972	VPS26C	-1.30811435250827	4.15233923902315e-23	No	No
O14975	SLC27A2	-1.39204049235517	1.46683934503041e-07	No	No
O15037	KHNYN	-1.1640091773798	5.64053414772876e-10	No	No
O15050	TRANK1	-1.20265170341095	0.0038814781984254	No	No
O15162	PLSCR1	-1.44111926032379	6.948336579252611e-17	No	No
O15232	MATN3	-2.44266817689021	7.14837000598061e-21	No	No
O15427	SLC16A3	-2.34538762413426	3.35026589527919e-32	No	No
O15460	P4HA2	-1.45204885285849	4.34460671391476e-38	No	No
O15481	MAGEB4	-3.62212587925485	3.75381971713165e-33	No	No
O43295	SRGAP3	-1.96561655067275	3.80326219215997e-22	No	No
O43731	KDELR3	-1.23712331551833	4.6358050509071804e-14	No	No
O43761	SYNGR3	-2.27211585348444	3.16223268258147e-20	No	No
O60238	BNIP3L	-1.18851065405242	2.6855861682951804e-19	No	No
O60268	KIAA0513	-1.19318672545294	6.54026450431429e-22	No	No
O75081	CBFA2T3	-1.28857400042183	1.20079180420012e-09	No	No
O75363	BCAS1	-2.33210521714441	2.6507726258168602e-31	No	No
O75462	CRLF1	-1.45137785510254	7.40057240107595e-05	No	No
O75781	PALM	-1.54457644947539	6.01069629057392e-16	No	No
O75800	ZMYND10	-1.18188999789249	2.61911032107037e-08	No	No
O75828	CBR3	-1.58121674496615	1.27964432949523e-31	No	No
O75952	CABYR	-1.27751365894551	0.0030010792643368	No	No
O76024	WFS1	-1.38624266293547	4.08996436373147e-35	No	No
O76054	SEC14L2	-1.32934847970746	1.90785454889579e-26	No	No
O94921	CDK14	-2.13732671241723	5.53695960717612e-08	No	No
O95180	CACNA1H	-1.59918677032441	0.0040167224236517	No	No
O95340	PAPSS2	-1.94873694062432	2.7431699039536503e-35	No	No
O95466	FMNL1	-1.09019941550768	0.0043339870010633	No	No
O95528	SLC2A10	-1.23428023199091	9.54488698248526e-07	No	No
O95754	SEMA4F	-1.48669368070337	1.2301785257599e-06	No	No
O95759	TBC1D8	-1.24537242940469	0.0001179190755403	No	No
O95848	NUDT14	-1.40832888083041	0.0006273712062672	No	No
O95864	FADS2	-1.81020222861139	7.7911921072263e-17	No	No
O95994	AGR2	-1.2993780568134	1.09556312692895e-31	No	No
O96024	B3GALT4	-2.19734354731422	6.4325389847141e-05	No	No
P00973	OAS1	-2.13927527917134	7.0564204431697e-09	No	No
P01009	SERPINA1	-2.33008196074539	1.37387355311996e-37	No	No
P01011	SERPINA3	-2.06301986567579	2.38851845182742e-05	No	No
P01033	TIMP1	-5.12089867163255	5.21174605705726e-26	No	No
P01034	CST3	-1.25718348053402	5.18869716468397e-17	No	No
P02649	APOE	-2.11435208158012	4.3099910897935e-44	No	No
P03923	MT-ND6	-1.01843082138495	0.0015100994314028	No	No
P04066	FUCA1	-1.23939856411542	1.15802115438717e-27	No	No
P04083	ANXA1	-2.98406889281237	1.8791617503623e-33	No	No
P04155	TFF1	-1.81906173751584	4.91101075276791e-08	No	No
P04233	CD74	-2.34225090921004	7.1585691656496e-16	No	No
P04350	TUBB4A	-1.59616108921999	5.09144134547603e-09	No	No
P05161	ISG15	-2.24127198465683	1.03705687827689e-26	No	No
P06276	BCHE	-1.82710942252007	9.99093173022586e-06	No	No
P06703	S100A6	-1.02030251703528	1.3355297004678001e-11	No	No
P06737	PYGL	-2.1600506699041	6.893338898097081e-45	No	No
P06865	HEXA	-1.45584866631507	8.80909659598209e-33	No	No
P07476	IVL	-1.16887386762319	1.8102114249202998e-23	No	No
P07948	LYN	-2.79931398300221	4.84528943310101e-32	No	No
P08185	SERPINA6	-1.46143931096326	1.18253288310455e-22	No	No
P08582	MELTF	-2.12548821487266	6.57912570748736e-10	No	No
P08648	ITGA5	-2.57981775468028	4.68688376883952e-34	No	No
P08962	CD63	-1.41541283143104	1.11917433463916e-11	No	No
P09104	ENO2	-1.5630456817061	4.2470163565696704e-23	No	No
P09668	CTSH	-1.28983164634442	9.92906635446446e-26	No	No
P09914	IFIT1	-2.28743655135605	4.9558994119956006e-20	No	No
P09972	ALDOC	-1.40246718129879	5.75284502220195e-33	No	No
P0C024	NUDT7	-1.29825662463658	3.00383517904997e-17	No	No
P12109	COL6A1	-1.1354698122356	6.01344605899651e-05	No	No
P12273	PIP	-3.45980274017897	1.70398797208773e-34	No	No
P12277	CKB	-1.1679274340298	2.86116149541478e-07	No	No
P12429	ANXA3	-1.9788248491429	5.976297910646709e-29	No	No
P12821	ACE	-2.63181351860911	7.19181698227741e-28	No	No
P15260	IFNGR1	-1.58612372208163	2.3966539003046097e-11	No	No
P16035	TIMP2	-1.73484271682894	6.007155018768071e-17	No	No
P16219	ACADS	-2.26820786671731	8.67130717528431e-29	No	No
P17600	SYN1	-1.57472390500561	1.6343977669193e-19	No	No
P17655	CAPN2	-1.04265440210794	1.28927539055161e-23	No	No
P17735	TAT	-1.55744910760621	2.03311003359577e-15	No	No
P18564	ITGB6	-1.86132959959142	3.6187938715087e-10	No	No
P19484	TFEB	-1.42557816477306	5.11261837830032e-08	No	No
P19544	WT1	-2.08591355156494	1.23783618325759e-16	No	No
P20337	RAB3B	-1.13955262338036	0.002713141352489	No	No
P20591	MX1	-3.35243111210665	3.87139591580524e-28	No	No
P21579	SYT1	-1.01318751152349	7.19632586983423e-16	No	No
P22304	IDS	-1.12312992727519	0.0002444524427591	No	No
P22413	ENPP1	-1.36056031962312	1.06110156509293e-32	No	No
P22692	IGFBP4	-1.40244813898981	2.7013955283412e-18	No	No
P23297	S100A1	-1.80743607167561	3.18251254230343e-14	No	No
P23497	SP100	-1.5829113833014	1.78298557771627e-27	No	No
P24385	CCND1	-1.22144285797561	2.9450743856775e-27	No	No
P25311	AZGP1	-1.59702416519973	2.13308611279044e-29	No	No
P25815	S100P	-1.6655588186918	2.70326249647734e-18	No	No
P25942	CD40	-2.38472881923905	2.49681213257568e-16	No	No
P26447	S100A4	-1.14041823956715	4.3534306824931697e-13	No	No
P26992	CNTFR	-1.22766011602087	0.0018053881275263	No	No
P28289	TMOD1	-1.06875005103402	3.0660649785182495e-11	No	No
P28799	GRN	-1.0621890208472	5.84120259441431e-27	No	No
P29728	OAS2	-3.27076154916643	7.97399476177345e-18	No	No
P29762	CRABP1	-1.36254048967344	4.36418294603274e-12	No	No
P30740	SERPINB1	-1.047660427865	1.96223291294119e-27	No	No
P31323	PRKAR2B	-1.04888462643734	1.34658066883786e-12	No	No
P31641	SLC6A6	-1.02825527654205	2.1813486778050997e-12	No	No
P32004	L1CAM	-1.4800591252612	1.6842969031163998e-31	No	No
P35080	PFN2	-1.79939201469168	1.53598504682708e-24	No	No
P35408	PTGER4	-1.57178635981405	3.07315231804265e-06	No	No
P35568	IRS1	-2.57546549736245	6.44011564143713e-32	No	No
P35611	ADD1	-1.47158090459997	4.55596929647071e-41	No	No
P35754	GLRX	-1.21586254688185	4.36667822575914e-14	No	No
P36269	GGT5	-2.08952372629097	9.63186019544905e-09	No	No
P38936	CDKN1A	-1.17852117047715	4.409635637618621e-09	No	No
P39060	COL18A1	-1.36499632573355	2.91324786055689e-15	No	No
P40189	IL6ST	-1.07991164876624	2.1139743552275403e-25	No	No
P41002	CCNF	-1.0825027086306	0.0010076539601511	No	No
P42685	FRK	-1.34925973318234	3.4858994151213202e-09	No	No
P42785	PRCP	-1.4045482671504	6.370165864731169e-29	No	No
P43005	SLC1A1	-1.73925261198134	1.70267768588771e-07	No	No
P43121	MCAM	-2.89967188416558	1.41249663311578e-26	No	No
P43353	ALDH3B1	-2.16223423878346	7.28371635874805e-35	No	No
P43355	MAGEA1	-4.12954987421383	4.03856001227085e-19	No	No
P46821	MAP1B	-2.27663424064462	6.27163974658238e-21	No	No
P49326	FMO5	-1.72960077564342	1.1322323825257299e-11	No	No
P49418	AMPH	-1.98296129052095	2.02760766473869e-07	No	No
P49902	NT5C2	-1.14377039221882	4.22057500118186e-27	No	No
P50226	SULT1A2	-1.40588953871317	4.85334898041065e-15	No	No
P51178	PLCD1	-1.12244260339114	3.7973396852866e-15	No	No
P51606	RENBP	-1.28787870328127	0.0008374537479074	No	No
P52803	EFNA5	-1.48502836466312	3.18258145616913e-08	No	No
P54108	CRISP3	-2.36289812259848	2.2384192936200097e-12	No	No
P54764	EPHA4	-1.39680629004533	1.3724994861937e-16	No	No
P54852	EMP3	-1.27821876251405	5.93030454316491e-06	No	No
P54868	HMGCS2	-1.74588256097709	2.14308675860749e-27	No	No
P54922	ADPRH	-1.66235870913225	9.696372476452561e-17	No	No
P55771	PAX9	-1.40796574803718	8.43023090036728e-05	No	No
P55899	FCGRT	-1.38485107482377	6.55801243573909e-17	No	No
P57052	RBM11	-1.32197585044115	0.002893982236129	No	No
P61764	STXBP1	-1.02482054575731	1.83093946430732e-15	No	No
P68106	FKBP1B	-1.03584411257959	0.0056672991687524	No	No
P78357	CNTNAP1	-2.05248248490154	1.53084545449874e-24	No	No
P78364	PHC1	-1.48346198258696	0.0002034051757264	No	No
P78559	MAP1A	-2.6425841565716	8.18028899184053e-34	No	No
P80217	IFI35	-1.27062575393316	5.49468555580349e-23	No	No
P84157	MXRA7	-1.40237150103675	5.1476774227770205e-15	No	No
Q00534	CDK6	-1.87023009292531	2.14878243246685e-17	No	No
Q00887	PSG9	-1.03890223335004	0.0001961235195223	No	No
Q00978	IRF9	-1.88901265672156	1.4602476487031902e-15	No	No
Q01628	IFITM3	-2.65386795161325	1.52309818136789e-16	No	No
Q01629	IFITM2	-1.45368416365742	2.20631873354625e-08	No	No
Q02318	CYP27A1	-3.06205283651242	3.61446690795058e-13	No	No
Q07002	CDK18	-1.21714045871508	2.8900037200756704e-20	No	No
Q07654	TFF3	-3.89497565794932	3.16357364837484e-30	No	No
Q07954	LRP1	-2.20164891028761	5.79233289845966e-37	No	No
Q08380	LGALS3BP	-3.29137575132341	1.23433565167708e-42	No	No
Q08426	EHHADH	-1.08569431145783	3.9185595233544396e-33	No	No
Q08495	DMTN	-1.48473979521425	8.37208693225183e-09	No	No
Q08AF3	SLFN5	-2.51736498158463	1.51685333366052e-41	No	No
Q10587	TEF	-1.1016418257696	0.0002853607016462	No	No
Q12805	EFEMP1	-1.87391155768195	1.13324753301095e-29	No	No
Q12841	FSTL1	-1.74773709866111	8.1615281579143205e-19	No	No
Q12983	BNIP3	-1.42719972786993	1.9900002625891598e-12	No	No
Q13287	NMI	-1.19986211911817	1.26726914297974e-20	No	No
Q13325	IFIT5	-1.23949468641401	4.7468040876444704e-20	No	No
Q13393	PLD1	-1.27595567172525	2.13848752882497e-28	No	No
Q13423	NNT	-1.61737756634077	2.88505212523087e-37	No	No
Q13509	TUBB3	-1.20357685297923	9.003762288356391e-17	No	No
Q13576	IQGAP2	-1.40963373732015	2.8012925806678503e-10	No	No
Q13636	RAB31	-1.23266627727322	8.845155602970891e-09	No	No
Q13938	CAPS	-2.10227165714339	2.89202113520555e-10	No	No
Q14142	TRIM14	-2.07120563482977	2.28243736724598e-14	No	No
Q14192	FHL2	-1.66326158717946	1.47517537087707e-31	No	No
Q14195	DPYSL3	-1.13742613511421	2.86674287919267e-13	No	No
Q14749	GNMT	-1.58640705708839	1.01784207904618e-20	No	No
Q14934	NFATC4	-1.62932712864682	7.72031417278146e-14	No	No
Q14956	GPNMB	-2.63078741810767	3.29509525521256e-16	No	No
Q14D04	VEPH1	-1.48039089295819	1.30510558574106e-32	No	No
Q15434	RBMS2	-1.02308590557878	1.3429635078907301e-21	No	No
Q15506	SPA17	-1.0584122809354	3.13068550888263e-11	No	No
Q16553	LY6E	-1.35517922353391	1.38449928857475e-08	No	No
Q16555	DPYSL2	-1.56568108630895	8.35663996088367e-30	No	No
Q16678	CYP1B1	-2.08047313926755	1.66452821033228e-20	No	No
Q18PE1	DOK7	-2.659204080235	2.7721209072353603e-19	No	No
Q2T9K0	TMEM44	-1.43584366376437	0.0033311041269787	No	No
Q2Y0W8	SLC4A8	-2.16165574078713	0.0001754551963692	No	No
Q30154	HLA-DRB5	-2.20222553372335	1.81613741907197e-10	No	No
Q4G0X4	KCTD21	-1.26101569045955	4.7776288538957e-14	No	No
Q4LDG9	DNAL1	-1.32222055065987	2.2872374509231897e-16	No	No
Q5H9M0	PWWP3B	-2.12234871015658	2.24166445526665e-06	No	No
Q5JTD7	LRRC73	-1.32893469912344	0.0010427838049282	No	No
Q5MNZ9	WIPI1	-2.05268950749453	4.36263976159471e-36	No	No
Q5MY95	ENTPD8	-2.77763081364689	1.43735013492649e-11	No	No
Q5SZD1	C6orf141	-1.32461752394797	0.0001114643287106	No	No
Q5T2W1	PDZK1	-2.09715579364909	8.70406638884876e-37	No	No
Q5U649	C12orf60	-1.34855542768821	0.0018296211027232	No	No
Q5VUG0	SFMBT2	-1.22291332451058	1.32521337418862e-06	No	No
Q5VWC8	HACD4	-1.63122747177984	1.70588887424117e-10	No	No
Q5VYY1	ANKRD22	-1.25270024872649	5.60724002559137e-20	No	No
Q68CL5	TPGS2	-1.35776856379518	0.0074384339882428	No	No
Q6F5E8	CARMIL2	-2.17406636143364	2.3233099589590302e-14	No	No
Q6NT55	CYP4F22	-1.3971976464752	0.0016647646403008	No	No
Q6NZI2	CAVIN1	-1.62701445452638	5.30261896290418e-10	No	No
Q6P5Z2	PKN3	-1.15712900928389	9.45944725139293e-12	No	No
Q6PCE3	PGM2L1	-1.94028873674107	2.15486837249829e-17	No	No
Q6T4P5	PLPPR3	-1.59855920949667	5.784566137553391e-10	No	No
Q6UX71	PLXDC2	-1.64573156327415	3.4222911126305605e-15	No	No
Q6UXD7	SLC49A3	-1.53119378224566	1.48378275302202e-10	No	No
Q6UXK5	LRRN1	-1.11722503579849	0.0001626560849461	No	No
Q6YHK3	CD109	-1.6278867874337	1.0133369905321701e-09	No	No
Q6ZNC8	MBOAT1	-1.05064693490452	3.67576035768813e-16	No	No
Q6ZNL6	FGD5	-1.91456982536365	3.77983338047651e-13	No	No
Q6ZS11	RINL	-2.37029681214166	5.17192272256089e-06	No	No
Q71U36	TUBA1A	-1.33247332631835	9.03662895147538e-05	No	No
Q7L266	ASRGL1	-1.06119903135652	0.0020858628713734	No	No
Q7L311	ARMCX2	-3.05833866710526	3.60816486125195e-33	No	No
Q7L5N7	LPCAT2	-1.63200167659462	5.08377399398385e-29	No	No
Q7Z3B0	SMIM15	-2.93924044414048	5.82750397934929e-05	No	No
Q7Z3J2	VPS35L	-1.45571402148901	2.6860776661052097e-36	No	No
Q7Z7L1	SLFN11	-1.59491613376545	1.5405331370202702e-25	No	No
Q7Z7M9	GALNT5	-1.69378313049566	1.49673068432696e-08	No	No
Q86SQ0	PHLDB2	-1.6471510150808	4.69635725356007e-16	No	No
Q86TV6	TTC7B	-1.49319549321901	4.675083280493609e-11	No	No
Q86V88	MDP1	-1.33586468590383	4.63189655201221e-17	No	No
Q86WK9	PAQR7	-1.18412507460745	4.77008164143861e-05	No	No
Q86WN1	FCHSD1	-1.94021373701445	4.27258556956149e-23	No	No
Q86WV6	STING1	-3.4334140035841	5.59682207253594e-16	No	No
Q86YB8	ERO1B	-1.29093927680333	8.57179903115406e-27	No	No
Q8IVF2	AHNAK2	-3.56535346843196	4.1624113936901e-54	No	No
Q8IVT2	MISP	-2.0555359044893	2.64675758504855e-40	No	No
Q8IWZ6	BBS7	-1.17965554479913	4.86590719316286e-12	No	No
Q8IXK2	GALNT12	-1.70120571517582	0.0017710132473499	No	No
Q8IXL6	FAM20C	-1.06626418400831	1.72729149897161e-05	No	No
Q8IY21	DDX60	-1.49876916531327	5.63190159764276e-15	No	No
Q8IYM2	SLFN12	-1.3116125044501	8.33746316465812e-05	No	No
Q8IYT8	ULK2	-1.38494994792973	0.0002538975303429	No	No
Q8IZW8	TNS4	-1.3246455540573	5.03058670175423e-23	No	No
Q8N0T1	RBIS	-1.05949404527916	4.30456910515419e-17	No	No
Q8N118	CYP4X1	-5.26078236746927	5.723741038656199e-56	No	No
Q8N1Q1	CA13	-1.28671117746168	6.9055112797904305e-09	No	No
Q8N398	VWA5B2	-3.17808672090455	2.79173958736985e-21	No	No
Q8N3J5	PPM1K	-1.43690589860213	1.97652424322557e-05	No	No
Q8N3Y7	SDR16C5	-1.48972980393064	8.42769309908316e-23	No	No
Q8N490	PNKD	-1.3721705489677	5.539372560348581e-19	No	No
Q8N556	AFAP1	-1.05132602376214	2.4109721849828403e-09	No	No
Q8N8U2	CDYL2	-1.09458735253623	2.72375795237254e-05	No	No
Q8N9F7	GDPD1	-1.01477263032524	7.34285635161015e-21	No	No
Q8N9W5	DNAAF3	-1.04922590545606	1.26253497144175e-05	No	No
Q8NBI5	SLC43A3	-2.02768556527525	3.79192439096472e-11	No	No
Q8NBJ4	GOLM1	-1.16496044497975	1.7132878965264e-34	No	No
Q8ND90	PNMA1	-1.39578627437001	3.95849972766916e-29	No	No
Q8NEP3	DNAAF1	-2.12877985790259	3.33326823208233e-08	No	No
Q8NFP9	NBEA	-1.16754483012554	1.59369712833295e-19	No	No
Q8NFR3	SPTSSB	-1.30029340936079	2.09925055066536e-06	No	No
Q8NFT2	STEAP2	-1.26494344458581	5.318568884057611e-19	No	No
Q8NFW9	MYRIP	-1.37002361240553	4.79947009608034e-05	No	No
Q8TB45	DEPTOR	-1.44414468171338	1.7220989527096e-27	No	No
Q8TC05	MDM1	-1.04384528353042	1.69534971046845e-06	No	No
Q8TCA0	LRRC20	-1.17176353338997	1.87951434265222e-13	No	No
Q8TD06	AGR3	-1.34411668205454	6.333229834022549e-26	No	No
Q8TE96	DQX1	-1.09710496726978	0.006252499641347	No	No
Q8TF71	SLC16A10	-1.37380777854559	3.94914736135946e-05	No	No
Q8WUM9	SLC20A1	-1.12682936023975	5.11722864165164e-19	No	No
Q8WUP2	FBLIM1	-1.01504738828864	1.80559027884962e-13	No	No
Q8WV24	PHLDA1	-1.24155325329405	0.0008359373849335	No	No
Q8WV28	BLNK	-1.2569561873155	6.13312748602751e-23	No	No
Q8WW38	ZFPM2	-1.17768612943968	0.0002170413816852	No	No
Q8WWA1	TMEM40	-1.56114931996769	1.22158217764755e-23	No	No
Q8WWW0	RASSF5	-2.02836452874406	1.02094989170126e-10	No	No
Q8WWY8	LIPH	-1.31393915804061	1.0850730468979701e-09	No	No
Q8WWZ3	EDARADD	-2.20418534254439	1.64494027883953e-13	No	No
Q92478	CLEC2B	-5.15745349010141	1.75522495166201e-12	No	No
Q92537	SUSD6	-1.2864622486157	1.29637733412796e-06	No	No
Q92619	ARHGAP45	-2.01137071735152	4.02348847937977e-27	No	No
Q92686	NRGN	-1.16791770442468	0.0008063946436872	No	No
Q92828	CORO2A	-1.5121248059499	2.56886361404069e-17	No	No
Q92854	SEMA4D	-1.16422181580557	9.14544752351939e-07	No	No
Q93099	HGD	-1.12136829738872	0.0024228390595802	No	No
Q969X0	RILPL2	-1.28182205939815	1.2629691195281399e-11	No	No
Q96A58	RERG	-1.41002727689642	1.84061302113105e-14	No	No
Q96AH8	RAB7B	-1.51262561004711	0.0003630049881844	No	No
Q96AP7	ESAM	-2.09754324629356	4.31165455592088e-05	No	No
Q96AZ6	ISG20	-1.53769155287249	3.3790454476057e-07	No	No
Q96BR1	SGK3	-1.06921199735542	4.656643901982e-21	No	No
Q96BY6	DOCK10	-1.48790086412445	1.34971575959798e-08	No	No
Q96C11	FGGY	-1.34114739061312	6.197693268058539e-11	No	No
Q96C24	SYTL4	-1.3192175795411	2.91203822827781e-27	No	No
Q96C74	ROPN1L	-1.45371414066115	0.00021883200909	No	No
Q96CX2	KCTD12	-1.06708441185845	0.0006154670520509	No	No
Q96CX6	LRRC58	-1.1695560793223	0.0001390133884711	No	No
Q96DX5	ASB9	-1.44813345652453	0.0017169991865633	No	No
Q96EG1	ARSG	-1.17337718992218	1.79483505629618e-08	No	No
Q96F07	CYFIP2	-2.36619468659297	5.73719303959447e-45	No	No
Q96FE7	PIK3IP1	-2.3392097963308	1.39075664770166e-06	No	No
Q96FL8	SLC47A1	-1.729827133236	3.93863051243794e-08	No	No
Q96FV0	LRRC46	-1.12914673261684	1.35481988690987e-08	No	No
Q96FZ5	CMTM7	-3.20258689391818	9.29811516419232e-05	No	No
Q96GY0	ZC2HC1A	-3.46951828824425	4.37931125894703e-32	No	No
Q96J66	ABCC11	-1.13811467503116	9.077922230526869e-28	No	No
Q96J84	KIRREL1	-1.81145385147112	1.33552907508494e-24	No	No
Q96JK9	MAML3	-1.71003749806186	0.0015567283054221	No	No
Q96JQ2	CLMN	-1.8797780678907	2.4328352212009e-42	No	No
Q96M32	AK7	-2.01261939200066	6.45111435654941e-07	No	No
Q96MT1	RNF145	-1.26184830267574	2.18944320028665e-07	No	No
Q96NY7	CLIC6	-2.56950944484502	3.74643134340417e-23	No	No
Q96QE2	SLC2A13	-1.31592855814057	6.93239458880077e-06	No	No
Q96QP1	ALPK1	-1.0780727878553	0.0001516737708703	No	No
Q96R05	RBP7	-2.66223686632981	7.25687429786723e-26	No	No
Q99489	DDO	-1.17790718810982	6.34798670477389e-06	No	No
Q99574	SERPINI1	-1.03825954010181	3.15604451346644e-14	No	No
Q99675	CGRRF1	-1.02653890710197	0.0007469167431009	No	No
Q99685	MGLL	-1.32883339940304	1.62271801383298e-18	No	No
Q99708	RBBP8	-1.46355802218825	3.02524062826934e-21	No	No
Q99715	COL12A1	-1.50592793038966	1.30535343337051e-34	No	No
Q99966	CITED1	-1.30902747954632	0.00766779821604	No	No
Q9BPU9	B9D2	-3.07166319346581	1.1729107739849e-10	No	No
Q9BQT9	CLSTN3	-1.39038424859923	3.12766293020708e-05	No	No
Q9BR39	JPH2	-3.39141952570527	2.34498876736603e-38	No	No
Q9BRK3	MXRA8	-3.15189951332177	8.105423792136471e-31	No	No
Q9BSK0	MARVELD1	-1.82581027014512	8.483421745828e-09	No	No
Q9BTY2	FUCA2	-1.11949568495374	1.60458779811237e-27	No	No
Q9BWM7	SFXN3	-1.50222333681973	4.2646596902293205e-35	No	No
Q9BX66	SORBS1	-1.37121678744091	1.74238334126952e-17	No	No
Q9BXC9	BBS2	-1.21421264418519	1.13127747619675e-13	No	No
Q9BY67	CADM1	-1.0742397723416	1.7484196526709101e-25	No	No
Q9BZD6	PRRG4	-1.1646430126962	1.44434789185655e-05	No	No
Q9BZF2	OSBPL7	-1.31038929565632	1.57161151690697e-05	No	No
Q9BZM5	ULBP2	-1.07064165335741	5.125347226892141e-09	No	No
Q9C004	SPRY4	-2.17264862786071	3.6678761702709395e-12	No	No
Q9C026	TRIM9	-1.02477897206297	5.17341495528702e-07	No	No
Q9GZN4	PRSS22	-1.01292186036422	0.0029446838380413	No	No
Q9GZR5	ELOVL4	-1.54647074988954	1.62863288996275e-10	No	No
Q9GZV5	WWTR1	-1.31197123213178	2.77693363462719e-12	No	No
Q9GZY6	LAT2	-1.91143328756542	1.0370907473860001e-11	No	No
Q9H1C3	GLT8D2	-1.45112678493106	1.26947880350228e-06	No	No
Q9H211	CDT1	-1.05125668961705	1.94650531708921e-13	No	No
Q9H3G5	CPVL	-2.97134997129359	5.1731560548349496e-33	No	No
Q9H4F1	ST6GALNAC4	-1.6144103215958	8.06613851746819e-07	No	No
Q9H4G4	GLIPR2	-1.29866875661874	2.18077825023754e-12	No	No
Q9H6L2	TMEM231	-2.44489808181305	1.0505119750713701e-20	No	No
Q9H6X2	ANTXR1	-1.28500291536089	0.0004088445830477	No	No
Q9H898	ZMAT4	-1.26693082128695	0.0005759516522689	No	No
Q9H8J5	MANSC1	-1.33356482601045	0.0006744818144368	No	No
Q9H902	REEP1	-1.65459470568202	0.0003453192812343	No	No
Q9H9H5	MAP6D1	-1.39726841048854	4.77069727308514e-26	No	No
Q9HB19	PLEKHA2	-2.74571925361623	6.756628085439e-20	No	No
Q9HBK9	AS3MT	-1.23793631825667	7.610105204495541e-31	No	No
Q9HBL7	PLGRKT	-1.08153233209416	1.0569459887731899e-22	No	No
Q9HC58	SLC24A3	-1.40404962511487	0.0003218577492672	No	No
Q9HCD6	TANC2	-1.26913950978849	1.537981115547e-29	No	No
Q9HCH5	SYTL2	-1.28459483879929	1.98393966439691e-09	No	No
Q9HCS5	EPB41L4A	-1.37358956016302	4.495165974023e-18	No	No
Q9NPB6	PARD6A	-1.1191934373825	5.21900064213594e-07	No	No
Q9NQ36	SCUBE2	-1.6165460949171	7.80338834581521e-19	No	No
Q9NQ84	GPRC5C	-1.02100207321858	1.11057661724864e-20	No	No
Q9NQX5	NPDC1	-1.07605711869212	6.032827773103091e-14	No	No
Q9NQX7	ITM2C	-3.24172056318117	4.154188740465e-24	No	No
Q9NR34	MAN1C1	-1.28092033221131	0.0010969024808898	No	No
Q9NRN5	OLFML3	-1.00475926461598	1.2444308339075901e-23	No	No
Q9NRZ5	AGPAT4	-1.09262066392854	2.86310994047496e-08	No	No
Q9NS15	LTBP3	-1.00471451694098	5.3153289670698706e-15	No	No
Q9NSD4	ZNF275	-1.34875992008765	0.0036642020788549	No	No
Q9NVN8	GNL3L	-1.0603571977449	1.41923176516762e-27	No	No
Q9NXR5	ANKRD10	-1.780145650378	0.0002270341287648	No	No
Q9NXU5	ARL15	-1.21612394936643	3.13386767207682e-17	No	No
Q9NYT0	PLEK2	-1.41787345436383	2.48983765982037e-06	No	No
Q9NZR1	TMOD2	-1.24696910705065	1.4214055447149802e-15	No	No
Q9P291	ARMCX1	-1.76254799341141	2.7929543475652804e-15	No	No
Q9P299	COPZ2	-3.51658728079632	7.61457095064329e-26	No	No
Q9P2F8	SIPA1L2	-2.33308217927426	1.96454983044316e-14	No	No
Q9P2P1	NYNRIN	-1.09674732412086	6.31825164987656e-05	No	No
Q9UBP9	GULP1	-1.07354276556787	8.00349402462167e-10	No	No
Q9UBX1	CTSF	-1.00881800043268	6.32881043888256e-17	No	No
Q9UDR5	AASS	-1.94979853754633	2.7900508032844303e-10	No	No
Q9UEY8	ADD3	-2.00979232634684	6.94721622587835e-38	No	No
Q9UGT4	SUSD2	-1.56316396367413	2.96539998988305e-19	No	No
Q9UHE8	STEAP1	-1.175203859308	4.33441943394264e-07	No	No
Q9UHF1	EGFL7	-1.17079886047989	0.0003219189825797	No	No
Q9UHI5	SLC7A8	-1.00192294964588	9.26484999804972e-08	No	No
Q9UHL4	DPP7	-1.16385114513603	2.8601763075163696e-30	No	No
Q9UHN6	CEMIP2	-1.40700003811364	1.02666059316701e-29	No	No
Q9UII4	HERC5	-1.22643117512581	1.57874721793916e-06	No	No
Q9UJX0	OSGIN1	-1.0346322511474	0.0007839944016815	No	No
Q9UJY1	HSPB8	-1.03803645684239	2.56502579065037e-13	No	No
Q9UKB3	DNAJC12	-1.33567944657465	7.48776931957486e-05	No	No
Q9UKE5	TNIK	-1.14087949747695	9.18932371924748e-19	No	No
Q9UKK3	PARP4	-1.07047951092331	3.50996104592792e-08	No	No
Q9UKL6	PCTP	-1.19601083782004	6.049815190760991e-25	No	No
Q9ULI3	HEG1	-1.01352843214332	3.29049297110593e-14	No	No
Q9ULW8	PADI3	-2.47164455888073	2.59521804228289e-41	No	No
Q9UMS5	PHTF1	-1.89798666538108	6.88476508350577e-05	No	No
Q9UN66	PCDHB8	-1.39234317244248	1.61070102151094e-26	No	No
Q9UN72	PCDHA7	-1.76798866494059	3.16363759986744e-14	No	No
Q9UN81	L1RE1	-1.02781813913391	6.80212657042418e-31	No	No
Q9UNN8	PROCR	-2.2827183747486	1.07994174947713e-23	No	No
Q9UPI3	FLVCR2	-1.05455316001582	0.0055996802939924	No	No
Q9UPM9	B9D1	-1.0707224815181	5.10691959772794e-06	No	No
Q9UQV4	LAMP3	-1.62085614788833	8.242196696674839e-11	No	No
Q9Y2J2	EPB41L3	-1.47185421282714	1.28290422484279e-08	No	No
Q9Y2Y9	KLF13	-1.48622195444745	0.0004921538165803	No	No
Q9Y342	PLLP	-1.09207693616386	8.27673227749821e-05	No	No
Q9Y394	DHRS7	-1.03129507920907	4.17685887291218e-24	No	No
Q9Y5E3	PCDHB6	-1.5013923901449	6.19729359084276e-06	No	No
Q9Y5E7	PCDHB2	-1.2708230580824	4.29738657223439e-17	No	No
Q9Y5F0	PCDHB13	-1.71985219733095	1.2755119983804399e-18	No	No
Q9Y5G3	PCDHGB1	-1.20154010155873	7.75145178302893e-09	No	No
Q9Y5G7	PCDHGA6	-1.6953311683008	1.10765987725719e-06	No	No
Q9Y5H0	PCDHGA3	-1.53604316082391	4.4383616322557705e-20	No	No
Q9Y5H3	PCDHGA10	-1.23711021490341	2.08689556193065e-12	No	No
Q9Y5H4	PCDHGA1	-1.90732486883639	6.6522105763905e-09	No	No
Q9Y5I3	PCDHA1	-1.04099695897391	0.0037434185901451	No	No
Q9Y5U5	TNFRSF18	-1.0753886769831	0.0024281185097216	No	No
Q9Y617	PSAT1	-2.69243895224992	3.7757157483634303e-31	No	No
Q9Y646	CPQ	-1.60889453359596	1.67581468117487e-27	No	No
Q9Y6B2	EID1	-1.07688285751772	0.0033093263002774	No	No
Q9Y6N8	CDH10	-1.45830582738939	2.67587996133636e-05	No	No
