Protein_Group	Genes	T47D_B_Non Treated_vs_T47D _Non Treated_logFC	T47D_B_Non Treated_vs_T47D _Non Treated_pval	Removed?	Contaminant?
A0A0G2JMH6;P01903	HLA-DRA	1.99881472349453	3.4531900323299e-09	No	No
A0A0K0K1A5	TRBV6-5	1.37005771466157	1.33362391518038e-05	No	No
A0A0U1RRL7	MMP24OS	1.105169426693	2.07337330235452e-10	No	No
A1A5C7	SLC22A23	1.90537838968974	4.6141020102188395e-30	No	No
A1L170	C1orf226	1.35833661630188	4.482999899310651e-19	No	No
A4D161	FAM221A	1.71521180743726	1.39739399348614e-07	No	No
A4D1S0	KLRG2	1.5164035158661	8.70259948568812e-31	No	No
A8MTW9		1.03714260288009	0.0092347895687848	No	No
A8MTY0	ZNF724	1.55800916747274	3.62207711578819e-05	No	No
A8MUP2	CSKMT	1.60644919039146	0.0041350909727923	No	No
B2RUZ4	SMIM1	1.1567478482777	2.48044250394159e-14	No	No
O00499	BIN1	2.01624663503021	3.12526494855422e-09	No	No
O00534	VWA5A	2.0643249481989	2.33112167081036e-13	No	No
O00592	PODXL	1.06438903729294	2.21987502810202e-14	No	No
O00622	CCN1	1.60572470841881	3.6403658805191603e-19	No	No
O14879	IFIT3	2.48782663518982	1.71250116749285e-12	No	No
O15121	DEGS1	1.02583152659819	6.21144858913494e-13	No	No
O15162	PLSCR1	1.20624616732866	3.27068448444005e-14	No	No
O15393	TMPRSS2	1.0601057703023	3.08979020336843e-10	No	No
O15481	MAGEB4	1.30020325449301	2.77213650143226e-15	No	No
O60299	LZTS3	1.85940935348127	1.1888556680913501e-09	No	No
O60488	ACSL4	1.45900608586253	2.54719715741148e-07	No	No
O60701	UGDH	1.30880979286594	1.4169288121441498e-36	No	No
O60779	SLC19A2	1.22287744786069	2.5074863219284698e-11	No	No
O75052	NOS1AP	1.38205711535468	6.86588833622757e-24	No	No
O75325	LRRN2	1.22650018079478	0.000339546328333	No	No
O75452	RDH16	2.19120371209528	1.0584679150397201e-20	No	No
O75907	DGAT1	1.42538250653939	2.61885679531119e-25	No	No
O76054	SEC14L2	1.51291628191202	8.03546503834423e-29	No	No
O76087;P0CL80;P0CL81;P0CL82	GAGE7;GAGE12F;GAGE12G;GAGE12I	2.53260119501231	1.64058256562878e-28	No	No
O95136	S1PR2	1.05865674858859	0.0036777607219816	No	No
O95154	AKR7A3	1.57063970873706	8.17415396140224e-27	No	No
O95263	PDE8B	1.83430147243776	5.49951941428773e-07	No	No
O95340	PAPSS2	1.04844308743414	8.51457372863339e-24	No	No
O95786	DDX58	1.63317041587304	2.19676078476548e-35	No	No
O95864	FADS2	1.88898860795479	1.66099174016549e-17	No	No
P00747	PLG	1.86239035840364	2.46840898526666e-05	No	No
P00973	OAS1	2.34875696234832	6.60177108345435e-10	No	No
P02749	APOH	1.0710240325053	0.0056048330128275	No	No
P04155	TFF1	1.86308191432353	2.85098601373301e-08	No	No
P04350	TUBB4A	1.25333047531913	1.02337020872539e-06	No	No
P05090	APOD	1.36128247500588	5.47355595041665e-24	No	No
P05109	S100A8	2.53840263716597	5.83448443641128e-05	No	No
P05161	ISG15	3.45040371371639	8.74635231195932e-35	No	No
P06702	S100A9	2.19710440700295	0.00059176670324	No	No
P06865	HEXA	1.14560971315885	2.68980764779432e-28	No	No
P09913	IFIT2	2.39312091783951	2.1585670561521502e-09	No	No
P09914	IFIT1	2.5821391463507	4.25409523527965e-22	No	No
P0DTW1	GAGE1	3.08005778421905	2.73893236494517e-06	No	No
P10321	HLA-C	1.06147164764206	5.4762975005721e-08	No	No
P12821	ACE	1.0212483604774	2.14622187919689e-12	No	No
P15289	ARSA	1.28882114001237	2.0992736191554202e-21	No	No
P15391	CD19	1.39257976125358	0.0009816575716779	No	No
P16260	SLC25A16	1.1718346857666	1.05066577623933e-18	No	No
P16671	CD36	3.96690018573587	8.4380363507202e-18	No	No
P17019	ZNF708	1.62880155322509	8.62718548636888e-05	No	No
P17096	HMGA1	1.03645776348212	4.468985476954961e-19	No	No
P17600	SYN1	1.37499427835461	2.5880689003785998e-17	No	No
P18848	ATF4	1.1580887222007	2.96572158575266e-05	No	No
P20337	RAB3B	2.14476571576485	3.33620890340343e-07	No	No
P20591	MX1	4.14209615242681	4.35395842040309e-32	No	No
P21695	GPD1	1.69708691317795	6.50708737524003e-23	No	No
P21741	MDK	1.42559084781969	7.15793090513484e-07	No	No
P22455	FGFR4	1.0251779691922	0.0001172390947677	No	No
P22680	CYP7A1	1.60214339974147	0.0022533108019866	No	No
P24298	GPT	1.85324446342861	7.38393884535991e-08	No	No
P24593	IGFBP5	1.40018115483473	1.12639426968007e-25	No	No
P25942	CD40	1.75887032547536	5.48710533503839e-12	No	No
P29728	OAS2	3.24831110796364	1.02758676471095e-17	No	No
P29966	MARCKS	2.72269746788979	5.24541887081223e-08	No	No
P31513	FMO3	2.62419864283373	7.0912279669894e-15	No	No
P31997	CEACAM8	1.02091110178502	0.0004455939558247	No	No
P33908	MAN1A1	1.9044879532953	4.04296513277806e-35	No	No
P34741	SDC2	1.81848789362876	1.22020581054458e-32	No	No
P35638	DDIT3	1.50382894227872	1.31574422330961e-09	No	No
P35754	GLRX	1.13537592049552	3.98840239783693e-13	No	No
P42224	STAT1	1.35775593612049	9.56380567336028e-38	No	No
P42330	AKR1C3	1.18633318921945	5.29335378731154e-08	No	No
P43355	MAGEA1	1.26604978517763	3.7502270692801e-05	No	No
P43357	MAGEA3	3.55136629401597	7.48511181813782e-30	No	No
P43365	MAGEA12	2.726775361478	6.46420739574182e-21	No	No
P50135	HNMT	3.03779504910936	2.72778303927629e-15	No	No
P51161	FABP6	2.97854643020787	1.29995929758732e-09	No	No
P51513	NOVA1	2.25933176966492	1.48073747246366e-05	No	No
P51606	RENBP	2.58900951945939	4.9912615715583605e-09	No	No
P51654	GPC3	1.97407233292542	6.14824003673765e-19	No	No
P51884	LUM	1.51741365738996	1.19097237912475e-07	No	No
P52566	ARHGDIB	1.48725266065535	1.3267376987951499e-22	No	No
P52789	HK2	1.05860055395149	8.113826935311299e-29	No	No
P52803	EFNA5	1.71607442365377	9.190394101314801e-10	No	No
P52895	AKR1C2	1.71768999645385	9.45028016350631e-07	No	No
P53985	SLC16A1	1.62894624341137	4.04339318175054e-12	No	No
P54253	ATXN1	1.37406220005282	8.51129808334769e-20	No	No
P54289	CACNA2D1	1.81543435785294	4.81517316911199e-31	No	No
P54803	GALC	1.09378423201501	2.8014067409849896e-30	No	No
P54868	HMGCS2	5.03046154977189	1.1645777400726602e-47	No	No
P55809	OXCT1	3.22672824136774	5.2881613660613e-19	No	No
P55851	UCP2	1.012018790679	5.48504101579087e-07	No	No
P62324	BTG1	1.35512297096012	8.87049320749853e-11	No	No
P68366	TUBA4A	1.11029549375272	3.4028982335685604e-14	No	No
P69905	HBA2	1.04426580167835	0.00243117106479	No	No
P78337	PITX1	1.72659483853329	2.67001398300597e-16	No	No
P78395	PRAME	1.25316163066033	2.54255147740562e-19	No	No
P80365	HSD11B2	1.51028502367065	3.67482638024287e-15	No	No
Q00534	CDK6	2.12290389644212	1.88998382175885e-19	No	No
Q00978	IRF9	1.64978321839044	1.36274428709946e-13	No	No
Q00G26	PLIN5	1.13514510800229	2.22323692717934e-06	No	No
Q01628	IFITM3	1.6012713504757	1.03318705839745e-09	No	No
Q03167	TGFBR3	2.02726389016579	1.75080895923e-08	No	No
Q12791	KCNMA1	1.70758537615644	1.9024430160256202e-15	No	No
Q13066	GAGE2C	2.84835630536798	3.6659165987495404e-20	No	No
Q13069;Q13070	GAGE5;GAGE6	3.82403109094357	7.223423486629931e-20	No	No
Q13275	SEMA3F	1.02232173009306	3.1574143888609004e-20	No	No
Q13325	IFIT5	1.13405369064381	1.399924078263e-18	No	No
Q13576	IQGAP2	1.33096625924715	1.2802506061248801e-09	No	No
Q14019	COTL1	1.15152060538951	2.84613797134895e-23	No	No
Q14449	GRB14	1.71467572025817	0.0006465976949933	No	No
Q14764	MVP	1.01080348427064	1.1857710163561299e-28	No	No
Q14765	STAT4	1.4480170084879	9.396961151002579e-11	No	No
Q14894	CRYM	3.97639048485485	2.04006002406593e-14	No	No
Q15111	PLCL1	1.35347989680984	4.19936179915031e-05	No	No
Q15646	OASL	2.22572772182523	6.77308202798299e-23	No	No
Q16143	SNCB	1.05893051688887	0.0003079928831263	No	No
Q16385	SSX2B	2.31925175031545	9.61940369535342e-07	No	No
Q460N5	PARP14	1.11227008613515	3.0046600217462503e-31	No	No
Q58EX7	PLEKHG4	2.28848703468366	4.23083255578561e-13	No	No
Q5EBM0	CMPK2	2.58289123176811	2.16350894216439e-09	No	No
Q5HY92	FIGN	1.19922170177623	0.0001325696287357	No	No
Q5K651	SAMD9	2.41072637920986	2.81126896527331e-21	No	No
Q5SXH7	PLEKHS1	1.87009104827471	9.28101545794956e-06	No	No
Q5T013	HYI	1.67819958101145	5.68056419984396e-10	No	No
Q5T9A4	ATAD3B	1.22768942899383	5.47838881066247e-07	No	No
Q5VUG0	SFMBT2	1.07768831173765	1.2319794268066e-05	No	No
Q5VWT5	FYB2	1.14075207931206	0.0002277396944579	No	No
Q687X5	STEAP4	3.02334009442672	5.6443112980168495e-11	No	No
Q6NVV7	CDPF1	1.03861158788018	2.02606588653199e-06	No	No
Q6P3S1	DENND1B	1.11299495151941	1.77904036552137e-05	No	No
Q6PCE3	PGM2L1	1.28595194335183	1.73114294299411e-11	No	No
Q6QHC5	DEGS2	1.15771284630636	4.01886262211066e-14	No	No
Q6UWH6	TEX261	1.88373615826375	0.0028368932761656	No	No
Q6UWV6	ENPP7	1.09309843652929	2.51390745005281e-08	No	No
Q6UXD7	SLC49A3	1.07568734663159	6.39216928391733e-07	No	No
Q6ZN08	ZNF66	1.2885743621026	5.1704087787859e-05	No	No
Q6ZRF7	ZNF818P	1.15949015342168	0.0036630765822187	No	No
Q7L266	ASRGL1	1.88160404248358	6.21124476881891e-07	No	No
Q7Z7D3	VTCN1	2.28096947977262	1.1013144042025301e-31	No	No
Q86SK9	SCD5	1.49485911258494	0.0091337454602304	No	No
Q86V24	ADIPOR2	1.35290887473165	5.2283334234303e-05	No	No
Q86W10	CYP4Z1	1.73591130886591	1.86898944621082e-08	No	No
Q86X51	EZHIP	2.77414414184747	1.14595182651693e-18	No	No
Q8IXQ6	PARP9	1.64848633207703	4.3065425406254e-34	No	No
Q8IY21	DDX60	2.12650505885998	1.5253853007477102e-20	No	No
Q8IYN0	ZNF100	1.00826533697374	4.37517261985548e-06	No	No
Q8NCN5	PDPR	1.0519108065065	1.03889298628561e-27	No	No
Q8NCU8	MTLN	2.45638992751015	5.85598492137597e-06	No	No
Q8NDZ4	DIPK2A	1.32155787583905	2.1120134347404e-32	No	No
Q8NEG4	FAM83F	1.86953467653392	1.2818837835963699e-18	No	No
Q8NEK5	ZNF548	1.13038421731602	0.0027122629604497	No	No
Q8NFT2	STEAP2	2.23718456082075	4.5965256687929e-29	No	No
Q8NFX7	STXBP6	3.50157553259483	2.5582113913955997e-12	No	No
Q8TCZ2	CD99L2	1.54170128092018	8.71184132465786e-18	No	No
Q8TDB6	DTX3L	1.65361106542044	8.391405542408e-34	No	No
Q8TE85	GRHL3	2.40261862194316	0.0004159366278277	No	No
Q8WXF7	ATL1	1.54058537156655	0.001714789626197	No	No
Q92481	TFAP2B	1.39370303233674	1.25551186850604e-15	No	No
Q92597	NDRG1	2.32159105409986	5.86068231911328e-29	No	No
Q92985	IRF7	1.64885233708606	9.07418030792177e-07	No	No
Q93084	ATP2A3	1.0786089372367	7.622531277482599e-29	No	No
Q93099	HGD	1.19798041117372	0.0012886655007738	No	No
Q969L2	MAL2	1.01049950495316	9.688906208432431e-15	No	No
Q96B97	SH3KBP1	1.3795225495274	3.24614076311138e-05	No	No
Q96DN0	ERP27	1.75531414492584	2.02919627430816e-05	No	No
Q96EM0	L3HYPDH	1.11603201248342	1.98715688289886e-10	No	No
Q96FS4	SIPA1	1.59150785695296	6.03242523947338e-24	No	No
Q96GY0	ZC2HC1A	4.57148328400357	2.40250846310011e-37	No	No
Q96NY7	CLIC6	1.65139460466606	7.35749412790918e-16	No	No
Q96RK1	CITED4	1.01472921032933	4.58322213593067e-06	No	No
Q99489	DDO	1.4821713678034	7.03052364064416e-08	No	No
Q99608	NDN	3.74086610636925	3.31638563171638e-16	No	No
Q99856	ARID3A	1.09300869885506	1.5911831575179901e-15	No	No
Q9BW04	SARG	1.74366569153897	4.00984647557451e-09	No	No
Q9BX66	SORBS1	1.72138954284693	3.0403633051013503e-21	No	No
Q9BY50	SEC11C	1.48220159639646	1.11016326697896e-22	No	No
Q9BYB4	GNB1L	1.26207926652972	4.705427215977499e-19	No	No
Q9BYK8	HELZ2	1.15366853061006	4.86754298010009e-26	No	No
Q9BYX4	IFIH1	1.10576574748616	1.12371748479131e-21	No	No
Q9BZD2	SLC29A3	1.35133941179045	2.2146806756999e-05	No	No
Q9H257	CARD9	1.56537043967517	8.9564499532583e-08	No	No
Q9H3M7	TXNIP	1.14160655648153	9.41195633608367e-10	No	No
Q9H568	ACTL8	3.49449591274388	4.08779681223554e-20	No	No
Q9H7S9	ZNF703	1.47278677409563	2.43970080369637e-18	No	No
Q9H9K5	ERVMER34-1	1.78473729126745	2.51165951747172e-06	No	No
Q9HB58	SP110	1.08741070770651	6.51207398941953e-16	No	No
Q9NQ11	ATP13A2	1.02942088282745	5.85213560406531e-22	No	No
Q9NQ36	SCUBE2	2.29628849491778	7.07961878090829e-25	No	No
Q9NRN5	OLFML3	4.72334485363549	3.6192295016211e-53	No	No
Q9NRZ5	AGPAT4	1.5946585805902	1.00267684555009e-12	No	No
Q9NXC2	GFOD1	1.3671805923448	1.00092329258271e-09	No	No
Q9UGT4	SUSD2	1.59929372946615	1.2396739373533401e-19	No	No
Q9UHE8	STEAP1	3.78541145426612	2.97364759794967e-23	No	No
Q9UII4	HERC5	2.10502968199483	2.52035383925191e-12	No	No
Q9UMW8	USP18	2.62450133517005	3.87283348484818e-12	No	No
Q9UPW6	SATB2	1.27912346231887	0.0007191726878606	No	No
Q9UQC2	GAB2	1.13680141335485	2.4305418486539498e-18	No	No
Q9UQV4	LAMP3	2.80292841745322	1.0385337836928e-18	No	No
Q9Y2X9	ZNF281	1.03127146510801	2.99710929874085e-26	No	No
Q9Y3A0	COQ4	1.05182308705366	4.95745909730886e-10	No	No
Q9Y4H4	GPSM3	1.47523635838773	0.0010868492311922	No	No
Q9Y6K5	OAS3	1.21056878007173	2.0374623015483897e-36	No	No
Q9Y6M1	IGF2BP2	2.74133333923858	4.27024794141263e-45	No	No
A0A087WUL8	NBPF19	-1.74304647139524	1.46971331097299e-20	No	No
A0A1B0GV96	LOC105371267	-1.2430934429125	8.60891229880787e-07	No	No
A1A4S6	ARHGAP10	-1.35318986874502	6.412064352784019e-11	No	No
A2RU49	HYKK	-1.32132683563206	1.04705967509616e-12	No	No
A2RUS2	DENND3	-1.49440056592897	2.09135528150446e-08	No	No
A4D1S5	RAB19	-1.63443130403095	5.08283990068731e-29	No	No
A6NC05	C5orf63	-1.76262595365374	2.66211298509733e-05	No	No
B0YJ81	HACD1	-1.69425658725767	5.81153124169333e-09	No	No
C9JA33	PALM2AKAP2	-1.28302077265072	8.07130737256189e-27	No	No
O00192	ARVCF	-1.0004502965854	7.09636418832261e-18	No	No
O14810	CPLX1	-1.24734554668442	0.002485464026292	No	No
O14975	SLC27A2	-1.65829461344539	2.4786848544473302e-09	No	No
O15021	MAST4	-1.07695205362066	4.60042971307035e-07	No	No
O15327	INPP4B	-1.25490101327187	1.6192521145397098e-30	No	No
O15488	GYG2	-1.1321847685451	4.94126694420146e-05	No	No
O43556	SGCE	-1.90143614555488	4.81457071944843e-12	No	No
O60268	KIAA0513	-1.45580323928962	1.9985696922148001e-25	No	No
O60343	TBC1D4	-1.13907169923663	8.236064380458041e-25	No	No
O60879	DIAPH2	-1.7235987338099	2.19249161136519e-06	No	No
O75056	SDC3	-1.05188108860234	0.004628657560158	No	No
O75462	CRLF1	-1.01751767721958	0.0037510706016988	No	No
O75503	CLN5	-1.11995234798066	1.2538080898805701e-15	No	No
O95069	KCNK2	-1.16161614798285	7.60903161722438e-18	No	No
O95255	ABCC6	-1.72396453491998	1.9096836705734502e-17	No	No
O95274	LYPD3	-1.29537632301875	7.654245689152e-10	No	No
O95466	FMNL1	-1.11067582549994	0.0037116386174951	No	No
O95479	H6PD	-1.14598093382814	7.26977536237947e-29	No	No
O95751	LDOC1	-1.81674405522026	6.90842669976191e-05	No	No
O95834	EML2	-1.3063563270082	1.7961442732369598e-22	No	No
P00966	ASS1	-1.04288861093512	8.62992299207814e-33	No	No
P03971	AMH	-1.05391860677647	0.0019471861982381	No	No
P04083	ANXA1	-1.38181869084724	1.46524657958129e-19	No	No
P05091	ALDH2	-1.65812996129186	2.59329904755103e-29	No	No
P05164	MPO	-1.53218724892079	0.0001782860216599	No	No
P06276	BCHE	-2.43940400551591	3.39753360222121e-08	No	No
P08582	MELTF	-1.3035324358035	1.89978514304522e-05	No	No
P0C869	PLA2G4B	-1.01403633191612	3.38854755427471e-07	No	No
P0DMM9;P0DMN0	SULT1A3;SULT1A4	-1.26802032493314	2.3270646311248e-07	No	No
P0DPF2	NBPF20	-2.40615083877992	1.17485939766979e-09	No	No
P10600	TGFB3	-1.15973497067199	9.19758003670146e-27	No	No
P10909	CLU	-1.16890896135214	1.39564193981516e-27	No	No
P11498	PC	-1.23332924017954	2.1149061811706996e-37	No	No
P12429	ANXA3	-1.59413818366837	5.297540575876651e-25	No	No
P14061	HSD17B1	-1.01010919041236	3.74805704446737e-05	No	No
P15514	AREG	-1.18255555726249	0.0045169975917045	No	No
P15559	NQO1	-1.64903554419013	1.2751145510995202e-31	No	No
P16070	CD44	-1.49382460030676	5.28485829261085e-14	No	No
P16083	NQO2	-1.90068963160002	4.56500514686199e-12	No	No
P21397	MAOA	-1.75522742028378	0.0053269497427678	No	No
P25445	FAS	-1.21887071365467	1.99755054140768e-26	No	No
P26992	CNTFR	-1.541907475228	0.0001378583915607	No	No
P30047	GCHFR	-1.7156571191697	2.81967475594837e-17	No	No
P30281	CCND3	-1.1799725336032	6.995011675526729e-16	No	No
P31641	SLC6A6	-1.43098365105844	3.2800649185559e-17	No	No
P34949	MPI	-1.03911080458322	4.2869845167461e-22	No	No
P35408	PTGER4	-2.09856336147484	6.7929583320625305e-09	No	No
P36269	GGT5	-1.57222637215711	3.66453563269042e-06	No	No
P36897	TGFBR1	-1.37859744696111	4.37146286615694e-23	No	No
P38936	CDKN1A	-1.01944422372725	1.2629200294518e-07	No	No
P41247	PNPLA4	-2.13911162893233	1.8213566238260102e-21	No	No
P42680	TEC	-1.07566649364912	0.0001479942797879	No	No
P43121	MCAM	-1.47652981058547	3.1118869684886903e-15	No	No
P43155	CRAT	-1.08415117286835	3.02033467339777e-31	No	No
P43251	BTD	-1.14635149191411	4.88320276164727e-17	No	No
P43353	ALDH3B1	-2.08009511601079	3.98796972048543e-34	No	No
P43405	SYK	-1.15678926873589	1.17909707616671e-19	No	No
P45844	ABCG1	-1.1989517042222	0.0002848767957847	No	No
P47895	ALDH1A3	-1.24066636751113	5.04258110927516e-09	No	No
P47974	ZFP36L2	-1.04358230965079	3.8872254764807706e-09	No	No
P49326	FMO5	-1.93354779170722	3.73731100240332e-13	No	No
P49662	CASP4	-2.15157764897	4.55338386479598e-16	No	No
P49674	CSNK1E	-1.17337970069228	7.616150335739731e-09	No	No
P50225	SULT1A1	-1.72577325549368	5.19329889829845e-34	No	No
P50226	SULT1A2	-1.29476983253968	7.56646916867535e-14	No	No
P53365	ARFIP2	-1.40844976058818	1.3676341372464799e-30	No	No
P55899	FCGRT	-1.19775203739563	1.03826265743374e-14	No	No
P56159	GFRA1	-1.57248532236655	1.12679314684442e-05	No	No
P57087	JAM2	-1.41848086025077	6.88153113315499e-06	No	No
P57729	RAB38	-1.26872261750226	1.88363798957984e-14	No	No
P60903	S100A10	-1.0010741219874	7.82482355989355e-15	No	No
P78357	CNTNAP1	-1.02723800905233	2.32356710813241e-13	No	No
P86452	ZBED6	-1.2760621449606	5.69169968456144e-08	No	No
P98082	DAB2	-1.07016461759576	1.48732401067145e-05	No	No
Q01826	SATB1	-1.01482042263165	2.9790831652519998e-36	No	No
Q03001	DST	-1.34036216812295	2.0264612104354302e-44	No	No
Q03112	MECOM	-2.00013060848298	1.16751860411708e-12	No	No
Q05682	CALD1	-1.27379728789763	8.13675085241388e-25	No	No
Q08AF3	SLFN5	-1.13790531551631	1.69894408982375e-26	No	No
Q13057	COASY	-1.42333423034063	5.7701469446719395e-40	No	No
Q13115	DUSP4	-1.02202421628554	1.13920194995736e-05	No	No
Q13636	RAB31	-1.5206671927155	3.4426093320306794e-11	No	No
Q15506	SPA17	-1.46403498236001	9.93257763397269e-16	No	No
Q15847	ADIRF	-1.03895410206083	0.0016809838756134	No	No
Q16719	KYNU	-1.36305005649693	4.15619907535716e-33	No	No
Q16762	TST	-1.24036884128711	1.1160251991905e-27	No	No
Q16773	KYAT1	-1.97925914550349	2.05792438698063e-20	No	No
Q1W6H9	FAM110C	-1.20807703242704	3.06544532197809e-09	No	No
Q24JP5	TMEM132A	-1.22935176634291	5.687052569045279e-28	No	No
Q2KHR2	RFX7	-1.18096880236233	0.0027804518213062	No	No
Q3KQV9	UAP1L1	-1.01167587681955	4.75274274564504e-25	No	No
Q3KQZ1	SLC25A35	-1.32295564912447	8.44278669173164e-24	No	No
Q49A88	CCDC14	-1.0599202196626	2.1722849355087e-08	No	No
Q53GG5	PDLIM3	-2.06141929805897	2.0736339572312e-07	No	No
Q53H47	SETMAR	-1.01565848524733	8.683829218143989e-22	No	No
Q58DX5	NAALADL2	-1.92689759168628	3.18773812528246e-16	No	No
Q5JSP0	FGD3	-1.27306978526279	0.000265667248939	No	No
Q5JTW2	CEP78	-1.34408409167118	1.98363529777639e-13	No	No
Q5JTZ5	C9orf152	-2.23639278550379	2.70855946071389e-16	No	No
Q5JVS0	HABP4	-1.3543310180647	6.25769010264415e-17	No	No
Q5R3I4	TTC38	-1.38277663302664	5.12369031470043e-18	No	No
Q5RL73	RBM48	-1.19148902384048	0.0030118469235127	No	No
Q5SRE7	PHYHD1	-2.12683934914249	1.1792692127243898e-11	No	No
Q5T011	SZT2	-1.24343823464466	3.53504899713285e-21	No	No
Q5T2W1	PDZK1	-1.83258526132866	3.30888934516855e-34	No	No
Q5T481	RBM20	-2.14725305437106	2.89363297272445e-10	No	No
Q5T4B2	CERCAM	-1.02341995963725	3.36183412170722e-19	No	No
Q5T6V5	C9orf64	-1.03379285047309	2.95203400099124e-21	No	No
Q5T7W7	TSTD2	-1.26099134559543	0.0001478200747738	No	No
Q5XKK7	FAM219B	-1.21089036609645	7.76024720606077e-16	No	No
Q5XXA6	ANO1	-1.15922262841504	1.21235247226417e-06	No	No
Q6AI08	HEATR6	-1.07352754571357	3.77616886590085e-22	No	No
Q6ICL3	TANGO2	-1.67465188445898	1.6727588329581698e-11	No	No
Q6NTF9	RHBDD2	-1.28099758698481	2.58590186586331e-16	No	No
Q6NV74	CRACDL	-1.24721836886067	1.06409533962851e-27	No	No
Q6NZI2	CAVIN1	-1.25505868889604	2.48749639018042e-07	No	No
Q6P4A8	PLBD1	-1.47390852385098	9.41533706151378e-16	No	No
Q6UWE0	LRSAM1	-1.23396318126512	1.21950643670163e-32	No	No
Q6UX71	PLXDC2	-2.89612373579282	1.51143304543538e-24	No	No
Q6ZNA1	ZNF836	-1.02698450775138	0.003394880485732	No	No
Q6ZNL6	FGD5	-2.877947665942	2.28451916220124e-19	No	No
Q6ZTW0	TPGS1	-1.77488975557419	2.79525599533413e-10	No	No
Q6ZUT6	CCDC9B	-1.05333235728173	2.67398588915779e-05	No	No
Q6ZWL3	CYP4V2	-1.21436174993885	3.43418703725426e-05	No	No
Q709C8	VPS13C	-1.13731465345633	3.2558675927464503e-35	No	No
Q70J99	UNC13D	-1.2941171811471	1.9831998388706397e-36	No	No
Q71U36	TUBA1A	-1.28528466602336	0.0001466540346822	No	No
Q7L5A8	FA2H	-1.17261011382285	5.6176345641428305e-15	No	No
Q7Z402	TMC7	-1.13371263569457	0.0036794280288195	No	No
Q7Z6L1	TECPR1	-1.01472123268918	2.5974269285468303e-10	No	No
Q7Z7L1	SLFN11	-1.31495052042843	4.02587245944661e-22	No	No
Q86TG7	PEG10	-1.72311324724796	1.02286776178307e-29	No	No
Q86YR5	GPSM1	-1.12321919084685	7.88468098652456e-27	No	No
Q8IU85	CAMK1D	-1.30100369269885	6.20700674249105e-14	No	No
Q8IVL6	P3H3	-1.68500071839065	2.26655587010125e-23	No	No
Q8IVS8	GLYCTK	-1.42699964888573	0.0001985346007313	No	No
Q8IXK2	GALNT12	-2.84214424211144	1.40524131441877e-06	No	No
Q8IXL7	MSRB3	-1.29294497061175	1.56497391533597e-12	No	No
Q8N0T1	RBIS	-1.06667838678658	3.36909068599705e-17	No	No
Q8N142	ADSS1	-1.39055199753884	1.22412082056842e-16	No	No
Q8N1Q1	CA13	-1.0491827858047	6.24542595101468e-07	No	No
Q8N3I7	BBS5	-1.07190549253444	0.0089602952979579	No	No
Q8N5R6	CCDC33	-1.06852334404241	0.000879820793545	No	No
Q8N8U2	CDYL2	-1.00375503167174	9.56153647198432e-05	No	No
Q8N9W5	DNAAF3	-1.72929322308285	2.49406706953753e-10	No	No
Q8NB16	MLKL	-1.09048981491472	4.12825573182577e-19	No	No
Q8NDB6	FAM156B	-1.15649308346973	0.0044611837724169	No	No
Q8NDN9	RCBTB1	-1.22190981014055	0.0001191074612909	No	No
Q8NEP3	DNAAF1	-1.7166820756955	2.73198884910868e-06	No	No
Q8TAD7	OCC1	-1.10057319044309	6.03931072010148e-07	No	No
Q8TCD5	NT5C	-1.08479157178222	1.6227963932973902e-19	No	No
Q8TD06	AGR3	-1.10611702128055	1.8454399621970398e-22	No	No
Q8TD19	NEK9	-1.13738432883081	3.74228486544662e-29	No	No
Q8TD55	PLEKHO2	-1.00839497481843	3.31444499911459e-12	No	No
Q8TDZ2	MICAL1	-2.75455963970196	3.30099845956224e-23	No	No
Q8WUG5	SLC22A17	-1.00439002528806	0.0085427872062236	No	No
Q8WV41	SNX33	-1.07502159622236	1.19317493277679e-18	No	No
Q8WVC6	DCAKD	-2.56059845888327	9.05993467258305e-36	No	No
Q8WVP5	TNFAIP8L1	-1.25773778298614	0.0090296723027183	No	No
Q8WW22	DNAJA4	-1.49420368026932	3.59746320330396e-32	No	No
Q8WWI1	LMO7	-1.33511519515202	1.04230146277463e-37	No	No
Q8WWY8	LIPH	-1.98973282832503	3.81263010973382e-15	No	No
Q8WWZ3	EDARADD	-1.67333115878913	5.47431826195314e-10	No	No
Q8WXU2	DNAAF4	-1.40531741470893	0.0040018274609517	No	No
Q92478	CLEC2B	-3.06153251717462	8.81374664188936e-07	No	No
Q92484	SMPDL3A	-1.22252074781677	9.72995030305276e-15	No	No
Q92561	PHYHIP	-1.12082547957367	8.1481896982676e-06	No	No
Q92633	LPAR1	-1.2483616494021	0.0011116396115954	No	No
Q92791	P3H4	-1.11273448551366	7.53258986161516e-24	No	No
Q92854	SEMA4D	-1.2212679910595	3.52763491835984e-07	No	No
Q969Q4	ARL11	-1.19789863540973	2.37320106468021e-06	No	No
Q96A19	CCDC102A	-1.40600734027251	7.2423266757978e-16	No	No
Q96AP7	ESAM	-1.2479607074908	0.0098963276775608	No	No
Q96AY3	FKBP10	-2.3022988986278	3.82697500770488e-45	No	No
Q96BI1	SLC22A18	-1.73646068442776	7.159689042867591e-25	No	No
Q96BY6	DOCK10	-1.08770992400204	7.72296209227887e-06	No	No
Q96C74	ROPN1L	-1.50961046110626	0.0001345757851115	No	No
Q96CM8	ACSF2	-1.17258167710811	1.7617393501078397e-30	No	No
Q96CX6	LRRC58	-1.3570296218227	1.59466715434637e-05	No	No
Q96DB2	HDAC11	-1.11959226092672	1.93915593575883e-23	No	No
Q96DR4	STARD4	-1.10107133538037	0.0048749795071029	No	No
Q96EN8	MOCOS	-1.78893561671838	6.689024005958489e-12	No	No
Q96EN9	REX1BD	-1.6599820449232	0.0011841542709663	No	No
Q96FE7	PIK3IP1	-1.21557193577647	0.005958524972916	No	No
Q96FL8	SLC47A1	-3.51055123551638	2.24489604211615e-17	No	No
Q96FM1	PGAP3	-1.39775352501314	0.0002617101228057	No	No
Q96FN4	CPNE2	-1.80325151458982	8.71009784814649e-14	No	No
Q96HM7	PCED1B	-1.26759472586033	1.78475117958898e-05	No	No
Q96J66	ABCC11	-1.51100773332871	4.56292060777319e-33	No	No
Q96M32	AK7	-2.12926419769647	2.04426068253599e-07	No	No
Q96MT1	RNF145	-1.18468456566525	7.85839895614533e-07	No	No
Q96PX9	PLEKHG4B	-1.0954129465604	9.59743160201021e-16	No	No
Q96R05	RBP7	-2.26579855166938	5.436314645796991e-23	No	No
Q96RL7	VPS13A	-1.22072044566539	1.61430321443741e-33	No	No
Q99424	ACOX2	-1.59630798514484	2.45988923608106e-13	No	No
Q99959	PKP2	-1.00195445739334	1.13911928661868e-29	No	No
Q9BRC7	PLCD4	-1.03513046350999	7.969463934580061e-09	No	No
Q9BTE0	NAT9	-1.12284793985193	8.15519126266469e-06	No	No
Q9BTM9	URM1	-1.00417226075458	7.5085969835955e-13	No	No
Q9BVG8	KIFC3	-1.15897004820541	9.038454419436849e-12	No	No
Q9BX73	TM2D2	-1.32803787905512	0.0001197600917196	No	No
Q9BXC9	BBS2	-1.19493703857051	1.89523877564907e-13	No	No
Q9BXI9	C1QTNF6	-2.72367346858205	5.33059437256239e-18	No	No
Q9BXM9	FSD1L	-1.69952105054581	2.48033992378689e-10	No	No
Q9BYJ1	ALOXE3	-1.0408325973573	3.66925422692641e-06	No	No
Q9BYL1	SAMD10	-1.49227352519169	1.31840549937511e-05	No	No
Q9BZF2	OSBPL7	-1.32371778141412	1.33498024165869e-05	No	No
Q9BZG1	RAB34	-1.28207544743841	3.97264930817118e-26	No	No
Q9C0H9	SRCIN1	-1.43273774802859	1.2263932736696901e-31	No	No
Q9GZV1	ANKRD2	-1.08151937108371	1.13223566188823e-12	No	No
Q9H0H3	KLHL25	-1.24342206887871	4.2460408463794505e-20	No	No
Q9H0R3	TMEM222	-1.1190495914208	1.46641506586182e-16	No	No
Q9H3G5	CPVL	-1.64094398761549	3.69032591145815e-22	No	No
Q9H553	ALG2	-2.02882732022204	1.02414393307356e-30	No	No
Q9HB65	ELL3	-1.0577563943013	5.686825587643691e-15	No	No
Q9HBG6	IFT122	-1.41580466188036	7.92111384619508e-34	No	No
Q9HCK4	ROBO2	-1.26458399494061	2.14173454836788e-23	No	No
Q9NP74	PALMD	-1.07576897117218	4.92048427536954e-09	No	No
Q9NPB6	PARD6A	-1.27380451347349	3.25521821730783e-08	No	No
Q9NPF2	CHST11	-1.02916287283884	0.0001259725067512	No	No
Q9NQX4	MYO5C	-1.73397504243631	1.44205066703556e-42	No	No
Q9NQX7	ITM2C	-2.13855308512588	4.23728466662831e-17	No	No
Q9NR82	KCNQ5	-1.35731893215031	0.0076589531147959	No	No
Q9NRX4	PHPT1	-1.63710229367574	1.5766958225844001e-21	No	No
Q9NUB1	ACSS1	-1.30110534081042	2.7812245300315703e-35	No	No
Q9NVC3	SLC38A7	-1.06361307021536	1.38739732151622e-12	No	No
Q9NVN8	GNL3L	-1.18980851285717	1.04951097703413e-29	No	No
Q9NWW6	NMRK1	-1.18052969871294	5.80021635172913e-13	No	No
Q9NXG0	CNTLN	-1.04628791663511	6.08921357999597e-06	No	No
Q9NXG6	P4HTM	-1.3859268438738	1.4594639489651001e-21	No	No
Q9NZU0	FLRT3	-1.07181179988759	0.0002138178140852	No	No
Q9P107	GMIP	-1.64098243922023	3.1829058069538e-28	No	No
Q9UDY2	TJP2	-1.14234688190835	3.19013641116957e-38	No	No
Q9UFB7	ZBTB47	-1.06311704907566	0.000152621699216	No	No
Q9UFF9	CNOT8	-1.00489569399296	1.0338430726393701e-15	No	No
Q9UGQ3	SLC2A6	-1.13634817798484	4.50653847191798e-11	No	No
Q9UIY3	RWDD2A	-1.39485550979478	0.0003781623469555	No	No
Q9UJ37	ST6GALNAC2	-1.28442394860219	5.54528738714548e-05	No	No
Q9UJ83	HACL1	-1.00647553357702	2.3310555436732197e-22	No	No
Q9UJX0	OSGIN1	-1.13885496018504	0.0002594503922581	No	No
Q9UKE5	TNIK	-1.68448610974973	1.7101326342878701e-25	No	No
Q9ULM0	PLEKHH1	-1.08736175784967	3.66580162229449e-07	No	No
Q9ULX9	MAFF	-1.23797091898657	0.0090947184678613	No	No
Q9UNT1	RABL2B	-1.49265316808139	8.35546082676546e-12	No	No
Q9Y2B5	VPS9D1	-1.10836030088759	4.07361896506503e-08	No	No
Q9Y2E5	MAN2B2	-1.076042324721	1.7767983047955802e-20	No	No
Q9Y2J2	EPB41L3	-1.95091364717729	6.628978783393739e-12	No	No
Q9Y2Y0	ARL2BP	-1.49162036181168	1.13971426272083e-23	No	No
Q9Y6N8	CDH10	-1.71240743345623	1.74990845329509e-06	No	No
Q9Y6U3	SCIN	-1.09216905054508	3.6190029308667897e-22	No	No
Q9Y6X4	FAM169A	-1.16536845649742	3.92209358697413e-25	No	No
