Protein_Group	Genes	48h_vs_0h_logFC	48h_vs_0h_pval	Removed?	Contaminant?
A0A0U1RRE5	NBDY	0.731493461357175	0.00509617367033644	No	No
A0A2R8Y4M4	LOC122513141	0.709177922979002	3.04586777731e-05	No	No
A5A3E0	POTEF	1.19175909953876	2.15606126399562e-07	No	No
O00499	BIN1	0.720500399187728	3.98444217952277e-10	No	No
O14682	ENC1	1.44953030918053	5.57111424871435e-11	No	No
O14904	WNT9A	1.13546694005721	2.4222280102918e-06	No	No
O14910	LIN7A	0.970904789639942	1.94680576416091e-10	No	No
O15240	VGF	1.02754168518992	2.444190643637e-08	No	No
O43194	GPR39	0.925958503822066	3.82098015657863e-07	No	No
O43301	HSPA12A	0.71584243738676	0.00361238671013595	No	No
O43312	MTSS1	0.787110554038222	2.41408632617095e-09	No	No
O43548	TGM5	1.27696617263969	0.00699188567131931	No	No
O43897	TLL1	2.24227735010891	1.86253360000973e-15	No	No
O43916	CHST1	1.83722778649571	5.21667595343865e-15	No	No
O60258	FGF17	0.864139528203786	0.000725013365672741	No	No
O60462	NRP2	1.03412018845751	1.88908488757351e-17	No	No
O75157	TSC22D2	0.785615966734564	1.21041524866966e-08	No	No
O75167	PHACTR2	1.12921410572539	6.79806408668408e-08	No	No
O75293	GADD45B	1.11330123267884	4.89899425864412e-11	No	No
O75342	ALOX12B	1.66575918615284	0.00045996410484236	No	No
O76024	WFS1	0.832785640918427	8.79338067269103e-21	No	No
O76081	RGS20	0.707348504336284	0.000115384612643005	No	No
O95025	SEMA3D	0.879440290695189	4.27216619085494e-05	No	No
O95359	TACC2	1.07226348388693	5.8090413737982e-08	No	No
O95409	ZIC2	1.62640429488355	1.24488640320879e-16	No	No
O95450	ADAMTS2	0.751900333447889	3.56562025981059e-19	No	No
O95502	NPTXR	0.941570767116193	6.10247105485199e-09	No	No
O95817	BAG3	1.1499371762352	2.72726950229251e-11	No	No
P00740	F9	1.95247682549341	9.64063377643293e-08	No	No
P00749	PLAU	0.938847500890784	5.31581541468473e-06	No	No
P01619	IGKV3-20	5.89221203791896	4.52914935613517e-07	No	No
P01833	PIGR	3.47224639517902	0.00368585045857275	No	No
P01876	IGHA1	3.34713715079578	0.00903432435052708	No	No
P02766	TTR	3.32646640922749	2.98180697284086e-05	No	No
P05106	ITGB3	1.44140528070262	1.13887555531849e-13	No	No
P06727	APOA4	1.19881064680074	0.000121869424705019	No	No
P07093	SERPINE2	1.36030179073587	3.22549509718657e-16	No	No
P08138	NGFR	1.28267625833454	7.4973134397046e-08	No	No
P08253	MMP2	0.733859427506346	4.21974785258878e-18	No	No
P08887	IL6R	0.780391764749972	5.1744663238307e-06	No	No
P0DKB5	TPBGL	0.844698608716151	0.000128213509084256	No	No
P0DP57	SLURP2	1.05658469753406	0.00168362905968333	No	No
P10909	CLU	0.739933172161813	2.1352572566901e-10	No	No
P11473	VDR	0.850936162531589	1.42752268601634e-05	No	No
P11532	DMD	3.70649501858405	9.58991287657864e-22	No	No
P12109	COL6A1	1.20564857211446	5.59640418100627e-26	No	No
P12110	COL6A2	0.719197595075336	2.9018501403055e-17	No	No
P12821	ACE	1.46702327366502	1.13813042903731e-19	No	No
P14921	ETS1	0.724908039399121	4.73111757061615e-13	No	No
P15018	LIF	0.843235862066344	1.26792348932132e-08	No	No
P15104	GLUL	0.973572593122274	0.000341469460031508	No	No
P15407	FOSL1	0.765432216426955	3.15586430543297e-07	No	No
P15692	VEGFA	1.06315917816481	4.07052693994426e-09	No	No
P17676	CEBPB	1.11780707741814	7.36091873878799e-11	No	No
P18827	SDC1	1.44471723684649	6.96849573095524e-13	No	No
P18848	ATF4	1.0808320429892	0.000506296568311309	No	No
P20810	CAST	0.80005035220643	0.00043164398949757	No	No
P23975	SLC6A2	1.31227460210979	2.44619868648437e-06	No	No
P24385	CCND1	0.834879990016656	2.30049232820302e-19	No	No
P26012	ITGB8	0.850093335498904	1.08101615195985e-06	No	No
P28360	MSX1	0.943121299421254	1.39437395432384e-10	No	No
P29317	EPHA2	0.885910125838027	3.70303616409814e-23	No	No
P29373	CRABP2	1.16901574254334	2.70949383300522e-15	No	No
P30281	CCND3	1.14617091511724	9.54317119791633e-11	No	No
P30989	NTSR1	1.11153277451033	3.54645297890337e-09	No	No
P31277	HOXD11	1.28395415405274	9.12783042095971e-06	No	No
P33241	LSP1	2.20079696376051	1.90234776057147e-11	No	No
P34969	HTR7	1.19333401643121	0.000296953129454694	No	No
P36021	SLC16A2	1.3065035210692	2.04514610727504e-13	No	No
P36402	TCF7	1.02643662014516	4.39717782978646e-09	No	No
P36406	TRIM23	0.752872110053904	0.00250475922683423	No	No
P38936	CDKN1A	1.00441274915653	3.1448419846166e-09	No	No
P41217	CD200	0.745719807159084	0.00411025848799003	No	No
P41236	PPP1R2	0.70774558760877	4.26731136011233e-06	No	No
P41271	NBL1	1.60715991392257	9.1476085446777e-06	No	No
P46527	CDKN1B	1.31576715245652	1.30684011268018e-09	No	No
P48029	SLC6A8	0.936748828317729	3.54826821255029e-15	No	No
P48436	SOX9	0.909217240989349	4.49359141137712e-11	No	No
P48742	LHX1	1.00576272652838	1.6868288130861e-14	No	No
P49703	ARL4D	1.09164247766576	3.2092675875612e-17	No	No
P49796	RGS3	1.04220634881201	4.57037209566118e-20	No	No
P49802	RGS7	2.02499323708577	4.26726590710016e-15	No	No
P49918	CDKN1C	3.21135940749074	3.50190419114998e-21	No	No
P50053	KHK	3.17034693051415	5.71935642691989e-21	No	No
P50238	CRIP1	1.62604981857111	6.47677713592517e-08	No	No
P51511	MMP15	3.18351419523397	8.1163711085781e-27	No	No
P52757	CHN2	0.748630754169149	1.1060368215712e-10	No	No
P52799	EFNB2	0.993145734825685	5.84796747747762e-15	No	No
P54753	EPHB3	3.452774949113	3.91578412500579e-26	No	No
P55285	CDH6	1.73675861140826	7.22293020861143e-10	No	No
P56178;Q07687	DLX2;DLX5	1.74189042833266	3.92123884496906e-09	No	No
P56179	DLX6	1.83295909017879	3.76017682828279e-10	No	No
P56945	BCAR1	0.976424249522541	7.01389604221668e-22	No	No
P57059	SIK1	1.72770628420504	2.16206544507467e-11	No	No
P60002	ELOF1	0.839170260033388	2.25487034845926e-05	No	No
P62079	TSPAN5	1.15039162318811	3.7179441353284e-07	No	No
P62633	CNBP	1.0235603310107	6.20062450989803e-07	No	No
P62745	RHOB	0.933506568774327	1.08092738659044e-09	No	No
P78314	SH3BP2	0.706345868307313	5.05906276650686e-16	No	No
P78324	SIRPA	0.969949219489973	2.11920184193548e-15	No	No
P78325	ADAM8	0.912923707685698	0.000209295110473314	No	No
P78504	JAG1	0.963812627497141	1.5402949501474e-12	No	No
P98088	MUC5AC	3.07663495058034	1.04343181872662e-05	No	No
P98095	FBLN2	0.96354663749732	1.96772345305375e-20	No	No
P98172	EFNB1	1.16163232090661	5.61084373375702e-20	No	No
Q01973	ROR1	0.941700855429868	2.73886400477326e-13	No	No
Q04726	TLE3	0.832792060853908	5.54162012996436e-20	No	No
Q12948	FOXC1	0.795334444216007	2.55923263898057e-12	No	No
Q13275	SEMA3F	1.67669918777901	3.85343677224178e-14	No	No
Q13467	FZD5	0.766132806930699	8.2213758196921e-06	No	No
Q13495	MAMLD1	2.06422881849176	1.59377167128115e-10	No	No
Q13541	EIF4EBP1	0.806365668065091	7.33479656068542e-07	No	No
Q13572	ITPK1	0.760427041905707	1.58375439042247e-15	No	No
Q13643	FHL3	0.756683208953106	9.64161123422265e-08	No	No
Q13950	RUNX2	0.912066284852823	2.77474940022788e-08	No	No
Q14050	COL9A3	0.754958175652682	1.77674675533281e-06	No	No
Q14140	SERTAD2	0.970425918850394	0.000205434585591022	No	No
Q14192	FHL2	0.913071190948372	7.45720023548482e-09	No	No
Q14439	GPR176	0.709258690270527	4.10160755406956e-05	No	No
Q14469	HES1	1.29068569596452	1.88893709416686e-16	No	No
Q14508	WFDC2	4.96291156045253	3.02136444558174e-05	No	No
Q14517	FAT1	1.08343219988467	1.33452032117944e-23	No	No
Q14520	HABP2	0.850708462616872	7.72107471261041e-05	No	No
Q14D04	VEPH1	2.39406419551177	1.48809418299156e-16	No	No
Q15149	PLEC	0.802092182996159	2.27696007934189e-22	No	No
Q15329	E2F5	0.743686942146734	0.000394954733960454	No	No
Q15506	SPA17	0.963695053546086	4.41950570476191e-05	No	No
Q15818	NPTX1	1.90793103839658	9.4724407547007e-23	No	No
Q16288	NTRK3	0.982722020417556	2.73645310741566e-06	No	No
Q16378	PRR4	3.40477809786828	0.00531415574569132	No	No
Q16623	STX1A	1.14112826783652	3.44360943731382e-09	No	No
Q16626	MEA1	0.835114526017911	7.3704446886306e-06	No	No
Q2M1K9	ZNF423	0.84132821910848	6.05019283252083e-15	No	No
Q2TAP0	GOLGA7B	0.836838199936164	6.87770399462563e-06	No	No
Q2V2M9	FHOD3	1.67065806586825	1.1393381620491e-21	No	No
Q32MZ4	LRRFIP1	0.721653809333958	7.20777252911785e-08	No	No
Q494U1	PLEKHN1	0.754553131291807	0.00241272735780711	No	No
Q4G0P3	HYDIN	1.06197147116268	0.000794401637846269	No	No
Q4G0S4	CYP27C1	1.01186429974218	6.87808707948493e-10	No	No
Q502X0	MORN2	1.16063281746807	2.86268606610754e-08	No	No
Q53EU6	GPAT3	0.845061849070774	6.0059699609171e-07	No	No
Q53GA4	PHLDA2	0.989873581772791	1.51136815095803e-18	No	No
Q59EK9	RUNDC3A	0.991903017864995	0.000134737332341972	No	No
Q5KU26	COLEC12	1.32480180667861	5.07945412368788e-20	No	No
Q5SGD2	PPM1L	0.736892902008343	6.8596813712504e-17	No	No
Q5T9C2	EEIG1	1.04324398314292	1.85869154936114e-20	No	No
Q6AZY7	SCARA3	0.812732091786362	3.83068723994761e-15	No	No
Q6BCY4	CYB5R2	4.91428839224522	3.22024917143236e-07	No	No
Q6IMN6	CAPRIN2	0.823424865788045	2.88992125673564e-11	No	No
Q6NT52;P0DN86;P0DN87	CGB2;CGB3;CGB7	1.33337773836449	0.00104504689640169	No	No
Q6P988	NOTUM	0.822755522993258	3.09635609909208e-11	No	No
Q6T310	RASL11A	1.06155973400119	0.008541727036451	No	No
Q6ZMT4	KDM7A	0.825616446108075	5.3925335744349e-08	No	No
Q6ZQX7	LIAT1	0.738467115047193	0.000957143685669613	No	No
Q6ZVL6	KIAA1549L	0.728533073649913	3.93555688709047e-14	No	No
Q70EK8	USP53	0.744074483565004	1.13262798460163e-13	No	No
Q7L5L3	GDPD3	1.2254647842426	0.000477264529730885	No	No
Q7Z3B1	NEGR1	1.1374611998648	1.82522567210906e-07	No	No
Q7Z5Q5	POLN	0.734914890516752	0.00688756172806145	No	No
Q7Z7J9	CAMK2N1	1.32733818931628	0.00108514819430199	No	No
Q86TH1	ADAMTSL2	2.09704096872063	1.04915903588482e-20	No	No
Q86UD0	SAPCD2	1.18161702757446	9.22301851814232e-22	No	No
Q86UD3	MARCHF3	0.845380226694012	0.000499154731519141	No	No
Q86UN2	RTN4RL1	0.727167267613961	0.00130724896790764	No	No
Q86VZ4	LRP11	0.773702044122206	2.64860321983066e-08	No	No
Q86XE0	SNX32	0.858706175399504	0.00477714589643539	No	No
Q86XX4	FRAS1	1.37174562409512	3.17650127559062e-22	No	No
Q86Y38	XYLT1	0.869845075001912	1.18259405305498e-05	No	No
Q8IVF2	AHNAK2	1.30517188559141	6.76541911817371e-22	No	No
Q8IWA4	MFN1	1.24310949108989	1.62034823671614e-25	No	No
Q8IX07	ZFPM1	1.04073499827692	1.6464125808036e-19	No	No
Q8IYK4	COLGALT2	0.899696680130681	3.42624645078779e-09	No	No
Q8IZJ1	UNC5B	1.03973119849379	2.9540156816769e-22	No	No
Q8IZV5	RDH10	1.02165803648265	4.51129532300565e-16	No	No
Q8N2G4	LYPD1	1.42878346813996	8.61304643801384e-07	No	No
Q8N2R8	FAM43A	1.40800614386876	1.67599556445426e-14	No	No
Q8N4M1	SLC44A3	0.714708049951968	0.00137780038735145	No	No
Q8N4Y2	CRACR2B	1.89034233299187	8.24152600798754e-13	No	No
Q8N961	ABTB2	2.16874108819614	8.95980137123271e-20	No	No
Q8NES3	LFNG	1.91806790775906	8.90574258510966e-15	No	No
Q8NFL0	B3GNT7	1.26231073294565	1.0915604681483e-12	No	No
Q8NFP4	MDGA1	1.16723137334841	4.64141996406114e-06	No	No
Q8NFY4	SEMA6D	1.10830601027684	2.60842002781968e-13	No	No
Q8NG41	NPB	0.970135136003208	7.87561446371868e-06	No	No
Q8NI22	MCFD2	0.791698702325633	0.000899140612625957	No	No
Q8TCT1	PHOSPHO1	0.991740342201787	2.39500619020595e-13	No	No
Q8TEJ3	SH3RF3	1.9674113913996	8.01588666182992e-13	No	No
Q8TF42	UBASH3B	0.994195436926081	3.15102724980774e-17	No	No
Q8WUJ3	CEMIP	1.2371283875667	2.04243123326534e-14	No	No
Q8WYQ9	ZCCHC14	0.864091805130403	5.59320043617764e-07	No	No
Q92784	DPF3	0.754947354786429	2.89015754334333e-05	No	No
Q92839	HAS1	11.7059309180494	8.34196097258576e-26	No	No
Q92908	GATA6	1.72934192251568	2.23191513796751e-10	No	No
Q969L2	MAL2	1.61837901081957	1.76937709257473e-08	No	No
Q969X1	TMBIM1	0.797963733149224	1.36139391552046e-05	No	No
Q96FT7	ASIC4	3.88541217924319	4.93458020105748e-22	No	No
Q96FX2	DPH3	1.57413334392152	3.16651123121779e-06	No	No
Q96G30	MRAP2	0.765590590321906	0.00168407963786483	No	No
Q96JG8	MAGED4	0.867627254190491	1.31997896629909e-10	No	No
Q96JK9	MAML3	3.25142332466993	1.22881088319957e-21	No	No
Q96NU1	SAMD11	2.63990174910607	6.68094684082262e-16	No	No
Q96RM1	SPRR2F	2.63641820961844	5.97191189895008e-05	No	No
Q99075	HBEGF	1.26370846841341	1.2599025216421e-05	No	No
Q99958	FOXC2	1.18242510241214	9.59821495171038e-12	No	No
Q99966	CITED1	2.07019760473206	3.66865670202489e-09	No	No
Q9BQE6	LBHD1	1.29904888835754	0.000151950767287275	No	No
Q9BSN7	TMEM204	0.945731070885621	2.13277102944439e-07	No	No
Q9BUD6	SPON2	1.29372084400887	2.87791396934442e-06	No	No
Q9BUX1	CHAC1	0.737629583483638	0.000121372721984587	No	No
Q9BYJ1	ALOXE3	1.03443391066333	0.000740193708068173	No	No
Q9BZ72	PITPNM2	0.816185385465527	4.10142823325368e-09	No	No
Q9BZJ4	SLC25A39	0.833326391073392	1.24779372931811e-11	No	No
Q9GZV5	WWTR1	0.910232218515482	1.04416039823689e-08	No	No
Q9H2A9	CHST8	1.72171946813151	3.11425270300118e-14	No	No
Q9H2E6	SEMA6A	0.821005096144198	2.56797793419998e-08	No	No
Q9H706	GAREM1	0.763592360047031	3.47623371013669e-10	No	No
Q9HB63	NTN4	0.820447888335497	1.10170215157377e-08	No	No
Q9HCH5	SYTL2	1.05039357438417	1.52030265903332e-14	No	No
Q9NQ38	SPINK5	3.85122839732359	0.000336065308963591	No	No
Q9NQ84	GPRC5C	0.901613962185149	2.36263348706492e-17	No	No
Q9NQ92	COPRS	0.701924735616458	0.000429142085796979	No	No
Q9NQP4	PFDN4	0.780518438883988	8.30111817388505e-08	No	No
Q9NQU5	PAK6	2.39750700562842	5.16811818931525e-15	No	No
Q9NS15	LTBP3	0.908738563194561	2.98156016997341e-05	No	No
Q9NUQ6	SPATS2L	0.765793479498132	7.34286534815964e-17	No	No
Q9NYA1	SPHK1	0.867261511438549	9.10849674970668e-10	No	No
Q9NZH6	IL37	2.42565085037525	6.93787178057106e-05	No	No
Q9P1U0	POLR1H	0.739985027684082	7.56213546749372e-07	No	No
Q9P281	BAHCC1	0.702398253588225	1.79498838361312e-14	No	No
Q9UFD9	RIMBP3	1.7746971732483	2.58633839003687e-14	No	No
Q9UI47	CTNNA3	2.22075745533971	1.33579978569372e-20	No	No
Q9UJF2	RASAL2	0.764449865286938	2.97392569043232e-21	No	No
Q9UJY1	HSPB8	0.799990107248767	7.73682979671392e-07	No	No
Q9UKF7	PITPNC1	0.905881952016681	4.9959926460176e-15	No	No
Q9ULZ9	MMP17	1.21744748797362	3.39450588230964e-14	No	No
Q9UPX0	IGSF9B	0.847050895589614	0.00138549225836235	No	No
Q9UPZ6	THSD7A	1.54071536968028	8.37870260310667e-12	No	No
Q9Y2G0	EFR3B	0.915642330729654	9.19994903690757e-17	No	No
Q9Y2H0	DLGAP4	0.76256877761708	1.651475229875e-12	No	No
Q9Y337	KLK5	1.54564912672035	0.000240380199930626	No	No
Q9Y446	PKP3	6.19417659280005	7.50902379121514e-07	No	No
Q9Y618	NCOR2	0.896601214520008	1.39450126604946e-22	No	No
Q9Y625	GPC6	1.87179395898282	7.34793299327624e-14	No	No
A0AVI4	TMEM129	-0.75322281907426	8.08717968103128e-08	No	No
A6NMD0	IFITM10	-0.795062947510186	0.00116246532771184	No	No
F2Z333	FNDC10	-0.737921303587186	3.23157378448977e-07	No	No
O14921	RGS13	-0.805555845506468	1.67847936648807e-08	No	No
O14949	UQCRQ	-0.713830470364581	7.30134986330335e-08	No	No
O14957	UQCR11	-1.00923971086397	3.56053091267232e-08	No	No
O14983	ATP2A1	-1.24554466114079	9.81970660461727e-09	No	No
O15239	NDUFA1	-1.07405386020873	1.51835885349439e-12	No	No
O15480	MAGEB3	-0.92934541232189	7.32561611880863e-05	No	No
O15539	RGS5	-0.848552187280305	9.16824882516579e-09	No	No
O43181	NDUFS4	-0.732691623163255	7.43579759686751e-11	No	No
O43677	NDUFC1	-0.796123326483364	1.29752590709629e-06	No	No
O43678	NDUFA2	-0.891949681635115	1.61228168951803e-10	No	No
O43920	NDUFS5	-1.11115669912155	1.40193784839627e-15	No	No
O60636	TSPAN2	-1.05013527476863	2.82989885766349e-05	No	No
O75394	MRPL33	-0.867291261201444	3.26245080704944e-13	No	No
O75438	NDUFB1	-1.10762711436092	1.56790807697183e-08	No	No
O95168	NDUFB4	-0.719115163959692	4.33399891520898e-08	No	No
O95169	NDUFB8	-1.06774868316823	1.60386390692488e-13	No	No
O95178	NDUFB2	-0.902499364033638	2.81853744258019e-12	No	No
O95182	NDUFA7	-1.22190924935417	1.70845302378586e-12	No	No
O95199	RCBTB2	-1.17448372698019	0.000850055726919381	No	No
O95298	NDUFC2	-0.949068060652007	1.14090027991153e-16	No	No
O95751	LDOC1	-0.793242687321509	1.05854578709004e-11	No	No
O95863	SNAI1	-0.748654204642143	0.00782352216377056	No	No
P00156	MT-CYB	-1.20606056057536	3.38757978364943e-14	No	No
P00395	MT-CO1	-1.11152094819047	1.52602597557225e-17	No	No
P00403	MT-CO2	-0.951395125957074	4.27507379491072e-19	No	No
P00414	MT-CO3	-1.09932431627824	3.92171150214173e-07	No	No
P00846	MT-ATP6	-1.19144314449408	2.86255765939069e-11	No	No
P02461	COL3A1	-0.901073159100001	4.06584237852259e-19	No	No
P02511	CRYAB	-0.808697975314626	4.18883792237742e-06	No	No
P03886	MT-ND1	-1.1924835642816	4.62824911089565e-12	No	No
P03891	MT-ND2	-1.00628788452185	8.85571515284162e-11	No	No
P03897	MT-ND3	-0.870601032643389	1.23886946432447e-08	No	No
P03905	MT-ND4	-1.09116652979268	1.55790967109333e-14	No	No
P03915	MT-ND5	-1.36397415363505	6.13341722378234e-16	No	No
P03928	MT-ATP8	-0.722366985013579	0.000647086193336828	No	No
P04798	CYP1A1	-1.39857899909019	1.47243171574215e-17	No	No
P08493	MGP	-1.28229433283659	2.27425571937295e-13	No	No
P09669	COX6C	-0.8176315384802	2.26549339493349e-11	No	No
P0C0S8;Q96KK5;Q99878	H2AC11;H2AC12;H2AC14	-1.02393249986964	0.00107866909744374	No	No
P14927	UQCRB	-0.898407584211899	1.24527206020663e-11	No	No
P15428	HPGD	-1.3797719104199	0.0082045897248946	No	No
P15954	COX7C	-0.921146357962972	9.98544437548005e-05	No	No
P17568	NDUFB7	-1.05371316284551	1.1498364669802e-15	No	No
P21731	TBXA2R	-0.826841305998485	0.000234383462720269	No	No
P22455	FGFR4	-0.700562193825679	0.000294189904854631	No	No
P40617	ARL4A	-0.729439070759746	3.48812644393251e-07	No	No
P48058	GRIA4	-0.704322696207281	5.27636388434621e-10	No	No
P51813	BMX	-1.12665526293435	8.23624107035436e-15	No	No
P51884	LUM	-0.719681820368766	2.74638865376676e-16	No	No
P55083	MFAP4	-0.868021778569659	1.83107727177488e-07	No	No
P56378	ATP5MJ	-1.01432333179152	7.64846367192723e-11	No	No
P56746	CLDN15	-0.868493247734101	0.00546525348696986	No	No
P61236	YPEL3	-1.39057905700643	8.62676309419237e-07	No	No
P62508	ESRRG	-0.99265149683886	2.24240427326819e-14	No	No
P98073	TMPRSS15	-1.22268853721635	0.00484297632964788	No	No
Q03395	ROM1	-1.0692473149875	1.72082610671101e-05	No	No
Q03936	ZNF92	-0.778502357182578	3.51614268997843e-05	No	No
Q10586	DBP	-0.830288832191552	7.16223496686527e-08	No	No
Q10587	TEF	-0.735653972981876	0.000279788689719583	No	No
Q13145	BAMBI	-0.973271111998468	0.000608472154312618	No	No
Q13268	DHRS2	-1.02062936926278	2.20506690497439e-09	No	No
Q13332	PTPRS	-0.758020478361537	6.25032321576551e-16	No	No
Q3ZCX4	ZNF568	-3.37908804252045	2.1646361430318e-08	No	No
Q4U2R6	MRPL51	-0.802568145928191	5.08612048344643e-07	No	No
Q4V9L6	TMEM119	-0.714191819305118	1.84807255827793e-14	No	No
Q504Y2	PKDCC	-0.753563524690872	0.00297884955124155	No	No
Q5EB52	MEST	-1.08765607907774	6.22431557886261e-13	No	No
Q5H8C1	FREM1	-0.903326746417463	3.88710896116282e-05	No	No
Q5JS13	RALGPS1	-4.97636889382015	0.000618024249147798	No	No
Q68CJ9	CREB3L3	-1.43883085859322	3.8466456105516e-07	No	No
Q6N022	TENM4	-0.796999856939998	3.64080839568077e-12	No	No
Q6P1L8	MRPL14	-0.708409890732625	5.58473282256181e-09	No	No
Q6UWH4	GASK1B	-1.24013209873607	0.000106435449118077	No	No
Q6W3E5	GDPD4	-3.51482906080021	0.00250753698846322	No	No
Q6ZMB5	TMEM184A	-0.758670262958956	0.00672607369842499	No	No
Q6ZMW2	ZNF782	-1.21257985768104	0.00191569533937278	No	No
Q6ZVC0	NYAP1	-0.817647952055292	0.00257398455710626	No	No
Q7Z4V0	ZNF438	-0.746258036762622	0.000456322744033684	No	No
Q86TS9	MRPL52	-0.809779775055354	1.58802302710548e-06	No	No
Q86WV6	STING1	-0.980451260186532	9.34180585460656e-05	No	No
Q86Y39	NDUFA11	-0.91299660978315	7.5488789252769e-11	No	No
Q86YE8	ZNF573	-1.26197992962176	0.000442762319125224	No	No
Q8N0U7	C1orf87	-1.09808254493453	0.00681650095206736	No	No
Q8N111	CEND1	-0.734390390096745	4.06921599332758e-09	No	No
Q8N3G9	TMEM130	-1.2029363831511	3.6376068795314e-10	No	No
Q8N441	FGFRL1	-0.80492584031099	0.000278338610383781	No	No
Q8NA92	THAP8	-0.704480197325493	0.00506012281276349	No	No
Q8NC06	ACBD4	-0.820542811519566	0.000323151299777411	No	No
Q8TCC3	MRPL30	-0.806486115062164	1.55525162078787e-12	No	No
Q8TDW5	SYTL5	-0.94562942082756	6.76814035673047e-10	No	No
Q969I6	SLC38A4	-0.915546621715468	3.94971017092418e-05	No	No
Q96A25	TMEM106A	-0.850900966826297	0.000579765113880801	No	No
Q96BP2	CHCHD1	-0.84883278012919	1.83022858266855e-06	No	No
Q96E16	SMIM19	-0.757553075486477	0.000850921287946231	No	No
Q96MF6	COQ10A	-0.80457430321627	5.61324139092735e-10	No	No
Q96N77	ZNF641	-0.95159058063027	0.00317487009645177	No	No
Q96NT3	GUCD1	-0.852251698386468	0.0012437733624867	No	No
Q96SK3	ZNF607	-2.61652471206279	0.000926471589972298	No	No
Q9BQ48	MRPL34	-0.971341021222241	1.13646035758232e-09	No	No
Q9BQC6	MRPL57	-0.842773173465833	1.81166369772526e-11	No	No
Q9BWC9	CCDC106	-0.843513969657433	3.58162911611882e-06	No	No
Q9BY76	ANGPTL4	-1.03258405327111	5.89439145414743e-10	No	No
Q9BYD3	MRPL4	-0.741777177093955	8.80028962726484e-17	No	No
Q9H0U6	MRPL18	-0.735768441325011	5.89390415901198e-14	No	No
Q9H5Y7	SLITRK6	-0.825272049357892	2.09912811621702e-17	No	No
Q9NPD5	SLCO1B3	-0.930549826923937	0.00136974465662603	No	No
Q9NRD8	DUOX2	-0.741046770223322	0.00276589272239094	No	No
Q9NVM1	EVA1B	-0.751937698541667	0.000390248248330081	No	No
Q9NVS2	MRPS18A	-0.771177047065112	5.35588015514923e-12	No	No
Q9NX20	MRPL16	-0.800687473806285	1.59525260011377e-12	No	No
Q9NYZ4	SIGLEC8	-0.885412578623459	0.00123614422474018	No	No
Q9P015	MRPL15	-0.758599671195718	4.49466416763378e-18	No	No
Q9P0J0	NDUFA13	-0.752524757465704	2.05680759884244e-18	No	No
Q9P0L1	ZKSCAN7	-1.41513895527306	0.00659459404110151	No	No
Q9P1V8	SAMD15	-0.77332546946602	2.94663389445299e-05	No	No
Q9UI09	NDUFA12	-0.972068186843927	1.58931949816816e-11	No	No
Q9UKS7	IKZF2	-5.35209521188685	1.61738164289618e-27	No	No
Q9Y2H5	PLEKHA6	-1.09997442449473	9.45242267198105e-06	No	No
Q9Y3B7	MRPL11	-0.737204056378317	5.82428215034142e-17	No	No
Q9Y6H3	ATP23	-0.886977815794049	0.00371808119947568	No	No
Q9Y6M9	NDUFB9	-0.921363207085339	9.23488900228463e-16	No	No
Q9Y6N8	CDH10	-0.713139053944118	9.06913493706737e-14	No	No
