Protein_Group	Genes	SAX_72001_B_vs_RAW_72001_B_logFC	SAX_72001_B_vs_RAW_72001_B_pval	Removed?	Contaminant?
A0FGR8	ESYT2	4.83917505442837	5.01009755878494e-07	No	No
A1X283	SH3PXD2B	5.76397503537806	1.3767504829599e-05	No	No
A2RUS2	DENND3	5.25406983932841	7.48458358255837e-06	No	No
A6NHL2	TUBAL3	6.62355817955664	1.55103186924514e-07	No	No
O00139	KIF2A	7.37282237497976	3.20848605967059e-10	No	No
O00161	SNAP23	6.97603550240364	8.31227470993785e-08	No	No
O00231	PSMD11	5.38231483110957	8.63149198418298e-07	No	No
O00410	IPO5	5.70460923932257	1.04982826931623e-05	No	No
O00743	PPP6C	4.6395400545256	1.75670753575759e-06	No	No
O14545	TRAFD1	5.02340519729049	1.60541601656577e-06	No	No
O14579	COPE	4.95071615412973	0.0001338009129681	No	No
O14617	AP3D1	5.02024457091978	0.0001609269589589	No	No
O14672	ADAM10	6.70465916349983	7.74785569620372e-07	No	No
O14974	PPP1R12A	5.78175000461628	4.3809475533958005e-10	No	No
O14976	GAK	5.33155407968151	0.000446394746404	No	No
O14980	XPO1	4.69488080861736	2.35014432087872e-06	No	No
O15111	CHUK	5.07744200658389	0.000213915473321	No	No
O15260	SURF4	5.72099297950131	1.1400441565428202e-09	No	No
O15357	INPPL1	4.76526053005964	6.26105294072533e-07	No	No
O15400	STX7	5.35626691829956	3.81431704252138e-08	No	No
O15533	TAPBP	4.93378234438547	3.79493141435231e-07	No	No
O43149	ZZEF1	5.15641025342956	0.0001590470937468	No	No
O43150	ASAP2	5.50437545167298	7.81213698773605e-07	No	No
O43182	ARHGAP6	6.48576701912757	5.07608158005976e-07	No	No
O43312	MTSS1	5.37014723061263	1.32580777772188e-08	No	No
O43396	TXNL1	6.5770538541844	4.1025534988407e-07	No	No
O43516	WIPF1	5.14972855940878	0.0001488383783818	No	No
O43639	NCK2	4.72948642021823	2.918653580959e-07	No	No
O43681	GET3	6.05382641270939	1.54802282142266e-10	No	No
O43815	STRN	5.31703548414483	2.83666796854815e-08	No	No
O60229	KALRN	7.29862969307181	1.18590079959606e-07	No	No
O60240	PLIN1	5.46335912451058	1.41762505691787e-07	No	No
O60256	PRPSAP2	5.25219298594589	1.5599503156213e-05	No	No
O75116	ROCK2	8.07396759531035	4.15115785891261e-13	No	No
O75396	SEC22B	6.31828501950137	7.723263406991821e-10	No	No
O75558	STX11	6.94212796774311	1.18482548932836e-11	No	No
O75791	GRAP2	5.71373758127689	3.78987257129463e-07	No	No
O75822	EIF3J	4.68360629247355	1.50265402803862e-05	No	No
O75915	ARL6IP5	5.18269366993623	1.07245165983361e-08	No	No
O75947	ATP5PD	5.82104362734964	6.70114255595659e-05	No	No
O75955	FLOT1	6.4220643673123	4.81502443060454e-12	No	No
O75964	ATP5MG	5.52535271871567	5.946427657510571e-09	No	No
O95292	VAPB	5.03690585272942	6.91317141746185e-08	No	No
O95373	IPO7	4.86318161245844	1.02703600127507e-05	No	No
O95674	CDS2	5.78405901859416	5.98450597820195e-09	No	No
O95721	SNAP29	5.00215777350542	7.54733429031541e-07	No	No
O95782	AP2A1	6.59450210919866	1.37646220158007e-06	No	No
O95831	AIFM1	5.28965203035862	9.81733982122869e-08	No	No
P00403	MT-CO2	4.8192641635024	2.90772270804132e-07	No	No
P00734	F2	5.17619087761683	5.68271011415878e-19	No	No
P00740	F9	5.3794657142303	5.843673593298771e-19	No	No
P01130	LDLR	6.29494609344369	6.89438361913394e-07	No	No
P01133	EGF	4.67853733028494	1.36887247429636e-06	No	No
P02549	SPTA1	4.83900063881551	0.0006585805538008	No	No
P02810	PRH2	5.18563299575665	8.85540961645683e-08	No	No
P04003	C4BPA	5.08000278687171	2.6601849435494298e-18	No	No
P04843	RPN1	7.3661399791438	5.5673156988861296e-11	No	No
P04844	RPN2	6.91992885413887	3.72269065653398e-10	No	No
P04908;P0C0S8;P20671;Q7L7L0;Q93077;Q96KK5	H2AC12;H2AC17;H2AC6;H2AC7;H2AC8;H2AW	5.01895260622852	0.0004215479249174	No	No
P05023	ATP1A1	5.04824074210562	2.57186336808487e-08	No	No
P05386	RPLP1	5.24412231307828	5.6982416155909e-08	No	No
P05387	RPLP2	6.93791120510305	1.1284191307165702e-09	No	No
P05388	RPLP0	4.90713898187473	5.90663223201115e-08	No	No
P06858	LPL	6.28505042932039	3.46529105054955e-05	No	No
P08574	CYC1	4.64553926271802	1.42936072579512e-06	No	No
P08590	MYL3	8.85907590103753	8.186887311924161e-15	No	No
P08962	CD63	5.39173990011718	5.76065997884662e-06	No	No
P09496	CLTA	4.93793224877572	0.0001659557680445	No	No
P09543	CNP	5.0400726817289	4.58748594824578e-07	No	No
P10606	COX5B	5.4717294069456	6.07153328510901e-08	No	No
P10644	PRKAR1A	6.45216007312827	6.577574165334301e-10	No	No
P11177	PDHB	5.2898870824967	3.34729552135956e-06	No	No
P13073	COX4I1	5.73405692159587	3.11669012207386e-07	No	No
P13798	APEH	6.80394080834631	6.042787843991709e-12	No	No
P13804	ETFA	6.05547564428243	2.25466137048849e-10	No	No
P13861	PRKAR2A	5.53064058130947	1.05832153737565e-06	No	No
P14868	DARS1	4.96839383610742	5.20387279856497e-05	No	No
P15170	GSPT1	5.11376653752425	3.47792179124781e-08	No	No
P16278	GLB1	4.72097237003937	6.07627934506592e-06	No	No
P16885	PLCG2	5.4799519387654	1.8478149725955e-05	No	No
P17655	CAPN2	6.76762571443986	5.70651028706058e-07	No	No
P17980	PSMC3	5.02355583487538	6.48913203387698e-07	No	No
P17987	TCP1	5.35963843055776	5.047874205487741e-09	No	No
P19525	EIF2AK2	4.647484643737	8.85373451046828e-06	No	No
P21796	VDAC1	6.64407120122925	2.41046898293714e-10	No	No
P22223	CDH3	5.02452135231256	0.0001294959498524	No	No
P22234	PAICS	4.62379241523794	2.93848474388541e-07	No	No
P22694	PRKACB	5.88712325513236	2.52857395596896e-05	No	No
P22695	UQCRC2	6.17780123126021	2.8174655004485503e-10	No	No
P23368	ME2	6.54868499295534	1.95593743648725e-10	No	No
P23435	CBLN1	4.80819337335124	3.32305122467256e-06	No	No
P25325	MPST	5.44289983939883	0.0012356130771354	No	No
P26440	IVD	6.58469895087238	2.3310202340934e-05	No	No
P27986	PIK3R1	5.23892614815708	5.48469364892563e-07	No	No
P28074	PSMB5	7.64353880220323	4.2261010891467597e-13	No	No
P29144	TPP2	5.51747546308585	7.31077480050984e-07	No	No
P29692	EEF1D	6.49128968011768	4.52858298895355e-08	No	No
P30153	PPP2R1A	7.04297394767702	2.14189447234881e-06	No	No
P30405	PPIF	5.81392383722095	3.88238838048097e-10	No	No
P31040	SDHA	4.86366897417143	3.01710712423296e-05	No	No
P31323	PRKAR2B	5.78586345473714	1.21263276513749e-06	No	No
P31930	UQCRC1	5.72378423449543	3.64763886431771e-08	No	No
P33176	KIF5B	5.7502262536194	2.99682126751308e-08	No	No
P35222	CTNNB1	5.89933423639834	0.0078977400638254	No	No
P35232	PHB	6.29005629371366	3.70315003489993e-10	No	No
P35442	THBS2	6.28160485944185	1.88967671022909e-06	No	No
P35611	ADD1	5.61026006088987	4.25296665937999e-07	No	No
P35998	PSMC2	5.13146812582201	8.56835370791109e-09	No	No
P36957	DLST	4.80355442552938	0.0001220470159923	No	No
P38117	ETFB	5.06425131790464	1.01107533223688e-07	No	No
P40763	STAT3	6.26980250199972	6.74227323669715e-08	No	No
P40939	HADHA	6.85928106545941	1.2974157918048399e-11	No	No
P40967	PMEL	6.03374764722836	6.449078332492529e-11	No	No
P41240	CSK	5.35603137702327	4.21441839746306e-08	No	No
P41250	GARS1	5.32827016890106	0.0001346875163686	No	No
P42356	PI4KA	4.8614665571299	2.74607464779317e-05	No	No
P42566	EPS15	5.43905873545604	1.2556950686163e-08	No	No
P42768	WAS	5.62150981778523	2.14614394208931e-07	No	No
P42892	ECE1	5.55087182593491	2.79158860476592e-09	No	No
P43304	GPD2	7.79451293247432	1.40764879869304e-13	No	No
P45974	USP5	6.47573089959113	3.35018951257797e-08	No	No
P46109	CRKL	6.15529090072988	1.4947100049003501e-10	No	No
P46939	UTRN	5.03329764589488	1.60274279415367e-06	No	No
P46977	STT3A	4.82191222217942	2.52854027174374e-06	No	No
P47712	PLA2G4A	6.15174240380051	5.6986865268544405e-09	No	No
P48444	ARCN1	6.18600149460287	1.45254975338877e-07	No	No
P48507	GCLM	4.75337809177506	7.17934933324825e-06	No	No
P49257	LMAN1	5.77252396608806	1.17709516817406e-07	No	No
P49411	TUFM	6.77736683316004	7.38759691494876e-12	No	No
P49588	AARS1	5.48213307328485	5.25509492514532e-06	No	No
P49593	PPM1F	7.47123961252325	2.01448254298741e-08	No	No
P49746	THBS3	5.15521336358632	1.23563636271862e-08	No	No
P49748	ACADVL	6.28241912098757	4.13496295467171e-10	No	No
P49755	TMED10	5.97079648202658	1.60329807219347e-07	No	No
P50416	CPT1A	5.35605441400788	4.0998702266096206e-09	No	No
P50454	SERPINH1	5.00235509136481	3.8470259175568e-06	No	No
P50570	DNM2	4.86269315077683	0.0003258532768697	No	No
P50851	LRBA	7.14992020227618	2.01530531923726e-08	No	No
P51571	SSR4	4.64061360534285	1.00606653386948e-06	No	No
P51572	BCAP31	6.51796809145321	5.41722872622303e-07	No	No
P51692	STAT5B	5.96079206571407	2.98521776096009e-05	No	No
P51884	LUM	5.03704270546188	5.74560322060852e-20	No	No
P53396	ACLY	6.62473378425458	6.840700856140901e-10	No	No
P53602	MVD	4.77329300416758	1.94048003672554e-06	No	No
P53618	COPB1	6.29083498657888	1.5393997574138e-11	No	No
P54136	RARS1	4.63775459746943	0.0013554780670933	No	No
P54819	AK2	5.15511235124309	1.04519863763191e-05	No	No
P54920	NAPA	6.11174769791483	1.75506120991622e-10	No	No
P55084	HADHB	6.0963855094667	9.682309750350519e-11	No	No
P55160	NCKAP1L	4.89060421278894	9.62560489282103e-05	No	No
P55809	OXCT1	4.88289726018895	2.72445462094216e-07	No	No
P60985	KRTDAP	4.70538029577714	1.83109233692389e-05	No	No
P61225	RAP2B	5.89833575193088	1.3840172677574e-07	No	No
P61604	HSPE1	6.46957437765542	6.34759225152009e-10	No	No
P61978	HNRNPK	5.64219782602666	9.72806267998643e-08	No	No
P62195	PSMC5	5.06641685865233	0.000112990148298	No	No
P62333	PSMC6	5.09963644632122	1.42838218020101e-07	No	No
P62495	ETF1	6.39841084149102	1.97749761580508e-06	No	No
P62714	PPP2CB	4.65304869362102	9.01519373290565e-07	No	No
P63010	AP2B1	5.90668645944893	4.49321882934808e-07	No	No
P63027	VAMP2	5.24868579974922	2.12230955822837e-06	No	No
P63151	PPP2R2A	6.73733737910501	2.40127448289451e-09	No	No
P78371	CCT2	7.11107932590129	7.32137227473876e-13	No	No
P78527	PRKDC	4.82665507799924	0.0011500580629444	No	No
P80303	NUCB2	5.23282354821978	1.94665665113792e-07	No	No
P98095	FBLN2	6.00636933902324	8.39253722345072e-09	No	No
P98172	EFNB1	4.85166495554423	0.0007907798638198	No	No
Q00722	PLCB2	4.59759764037314	2.65828451129514e-07	No	No
Q01082	SPTBN1	7.59408056013275	1.30814119997269e-08	No	No
Q01970	PLCB3	4.84676061462552	3.21877352682068e-07	No	No
Q02153	GUCY1B1	6.57452116544881	5.29103323930896e-09	No	No
Q03252	LMNB2	5.50643236970502	1.28170408589122e-07	No	No
Q03518	TAP1	4.84274247998943	4.38173481533395e-07	No	No
Q03519	TAP2	4.85094399049336	1.97787455534252e-06	No	No
Q04637	EIF4G1	6.58129314781959	3.16909484816762e-06	No	No
Q05209	PTPN12	6.29799509611719	1.92402669074826e-07	No	No
Q05707	COL14A1	5.29918925861199	3.25753699272427e-08	No	No
Q06033	ITIH3	5.39756703132603	1.41866595047406e-17	No	No
Q07021	C1QBP	6.12132960100743	1.7734849373802e-09	No	No
Q08174	PCDH1	6.37484673695671	9.81504650413137e-10	No	No
Q08426	EHHADH	4.71283558388649	0.0009872610776393	No	No
Q0VD83	APOBR	5.78112642007116	2.01275027806214e-09	No	No
Q10567	AP1B1	5.36248241564819	1.8392515606210101e-09	No	No
Q12982	BNIP2	4.75678164954556	0.0005452937297102	No	No
Q13011	ECH1	5.55505583257216	1.63806576060517e-08	No	No
Q13043	STK4	6.34801603178334	2.27310963108052e-09	No	No
Q13045	FLII	6.41922839453521	1.24531888915256e-06	No	No
Q13126	MTAP	4.6552606923572	0.0072750413569531	No	No
Q13162	PRDX4	6.53934285319037	1.1436775470479e-08	No	No
Q13283	G3BP1	4.89711824275478	3.327887869647e-05	No	No
Q13423	NNT	7.44655714933776	2.9840643994095698e-12	No	No
Q13459	MYO9B	5.26906199491355	2.50011472558743e-05	No	No
Q13464	ROCK1	5.72200743708124	8.394883445328501e-10	No	No
Q13813	SPTAN1	7.6912666746032	1.91426681576675e-13	No	No
Q13976	PRKG1	5.98901451842069	3.18193138203021e-06	No	No
Q14008	CKAP5	7.28396723336	2.2193307896533896e-11	No	No
Q14112	NID2	5.33408098201078	1.24146525868147e-05	No	No
Q14165	MLEC	6.267639379887	1.90971247805616e-10	No	No
Q14204	DYNC1H1	8.59213077886624	6.59262929681196e-13	No	No
Q14677	CLINT1	6.86080775385745	3.37268291691053e-08	No	No
Q14BN4	SLMAP	5.51511388380026	3.24277681910166e-08	No	No
Q15067	ACOX1	4.73880177872719	6.97976201706808e-06	No	No
Q15149	PLEC	5.89324670750572	1.0004832526528599e-11	No	No
Q15435	PPP1R7	5.57647939555365	2.77444964210849e-08	No	No
Q15631	TSN	4.92473204291795	1.04816591535594e-07	No	No
Q15642	TRIP10	5.26550295330058	4.83692142608149e-08	No	No
Q15762	CD226	6.3530754623323	1.32216617874769e-09	No	No
Q16531	DDB1	5.45821284628045	9.89858293375455e-07	No	No
Q16539	MAPK14	5.1723642321152	5.08837149379639e-07	No	No
Q16555	DPYSL2	6.63892225569629	3.0893463595785703e-09	No	No
Q16762	TST	5.84168980416865	5.83473289487657e-10	No	No
Q16799	RTN1	5.93312187921521	1.88527562906308e-06	No	No
Q16836	HADH	5.54717659984906	6.9483871722469e-06	No	No
Q16891	IMMT	6.05876787701388	6.95155185215894e-10	No	No
Q32MZ4	LRRFIP1	4.81298781356478	3.247313864036e-08	No	No
Q4G0F5	VPS26B	4.77389794236255	0.0001034743412832	No	No
Q5SQ64	LY6G6F	5.75533088421625	2.63066396673742e-10	No	No
Q5T4S7	UBR4	5.9756073206297	2.08203876122363e-08	No	No
Q684P5	RAP1GAP2	5.98395232199778	5.93928452851982e-09	No	No
Q6DD88	ATL3	5.98136283156037	4.24946695297242e-09	No	No
Q6IAA8	LAMTOR1	4.65905474428093	1.61786386276709e-06	No	No
Q6PJW8	CNST	5.74085538245359	3.9670264081794e-05	No	No
Q6PL24	TMED8	4.81445389417047	0.0001525834747949	No	No
Q6V0I7	FAT4	6.55530691683312	1.59836735083718e-07	No	No
Q6WCQ1	MPRIP	6.64059939844471	9.62239114568952e-09	No	No
Q6ZU35	CRACD	5.1537652320633	5.47295055501499e-07	No	No
Q6ZVM7	TOM1L2	5.30068618469589	3.63888445964009e-08	No	No
Q7Z406	MYH14	7.68212746338915	1.26176831581949e-14	No	No
Q86TP1	PRUNE1	5.52835194888809	5.55436434942701e-08	No	No
Q86TV6	TTC7B	5.27211680448903	5.47608015909005e-05	No	No
Q86UP2	KTN1	5.66487636456871	3.26237393024005e-06	No	No
Q86WR7	PROSER2	4.62129139497446	2.77545608229557e-07	No	No
Q8IUX7	AEBP1	4.90095973694507	9.29884392207769e-06	No	No
Q8IY22	CMIP	5.04417544317529	1.29998638641762e-07	No	No
Q8IZP0	ABI1	6.48588999877279	1.40314200705273e-07	No	No
Q8N5K1	CISD2	4.62794555886839	0.0001174578805542	No	No
Q8NBM8	PCYOX1L	5.29624293855716	0.0001320554716869	No	No
Q8NBX0	SCCPDH	5.60329957740388	1.8629233708742e-09	No	No
Q8NDB2	BANK1	5.10786828069952	0.0011163436747861	No	No
Q8NE86	MCU	5.66058678768734	1.32611196401584e-05	No	No
Q8NF50	DOCK8	5.94574893593886	3.10358149001194e-08	No	No
Q8TC12	RDH11	6.13906473048478	1.19855444334278e-07	No	No
Q8TF42	UBASH3B	5.31164500637183	2.32629598140732e-06	No	No
Q8WUD1	RAB2B	4.7662472889714	4.0403989220818e-08	No	No
Q8WUM4	PDCD6IP	5.55256229832351	3.74666976725669e-08	No	No
Q8WWI5	SLC44A1	5.13994323773116	3.70407099784459e-07	No	No
Q92187	ST8SIA4	5.24625754787075	8.979870047661541e-09	No	No
Q92538	GBF1	4.61041303469217	1.04794730734876e-06	No	No
Q92614	MYO18A	5.13155471567677	3.2964137732426e-06	No	No
Q92619	ARHGAP45	7.62117849579939	2.09014636716325e-14	No	No
Q92673	SORL1	7.68739308953649	7.59536422772407e-08	No	No
Q92845	KIFAP3	5.24988486373955	0.0028947930816194	No	No
Q92882	OSTF1	5.78477438527503	2.84926363262893e-08	No	No
Q92905	COPS5	5.28122596652977	3.43985529518341e-07	No	No
Q96AG4	LRRC59	5.8749500235277	2.68499645156968e-06	No	No
Q96AX2	RAB37	4.94964712919309	2.89674224858534e-08	No	No
Q96C24	SYTL4	7.11875341949896	8.68690383171257e-08	No	No
Q96DZ9	CMTM5	7.58217483030446	7.02553308077632e-13	No	No
Q96HN2	AHCYL2	4.69401460712162	1.12673813576674e-06	No	No
Q96K76	USP47	4.91314174404991	9.03294973443717e-07	No	No
Q96P48	ARAP1	7.89363256392983	2.31012573085077e-09	No	No
Q96RL7	VPS13A	6.11594373870446	8.96778308061351e-08	No	No
Q99435	NELL2	5.80356651365166	3.68571562423763e-08	No	No
Q99460	PSMD1	4.80428945116086	3.02007108365863e-07	No	No
Q99574	SERPINI1	4.75495386535848	4.93081089323412e-06	No	No
Q99683	MAP3K5	5.03381937752678	3.67847806557723e-05	No	No
Q99714	HSD17B10	5.67491178361054	2.19005832520765e-08	No	No
Q99719	SEPTIN5	5.87913796472161	1.39079888519183e-08	No	No
Q99873	PRMT1	5.18417984539458	0.0003101750937506	No	No
Q99983	OMD	8.17095964302346	5.566585442212361e-15	No	No
Q9BSF0	C2orf88	4.70720117470546	5.23353116623383e-07	No	No
Q9BT78	COPS4	5.23941030754523	5.65577321867749e-07	No	No
Q9BX10	GTPBP2	5.23631148263295	1.37165474848478e-05	No	No
Q9BX68	HINT2	4.66312017044236	2.02344733341629e-07	No	No
Q9BXN1	ASPN	7.38597998681223	1.05447485354949e-07	No	No
Q9BXS5	AP1M1	5.71090823018007	9.13185584154552e-09	No	No
Q9BYJ1	ALOXE3	5.53415914789338	2.44936702829929e-06	No	No
Q9BZF9	UACA	4.76457496263178	2.95335343411235e-05	No	No
Q9C0C9	UBE2O	6.52197666976312	3.07151191664569e-06	No	No
Q9H0E2	TOLLIP	4.60559384755672	3.98533811138489e-08	No	No
Q9H0R4	HDHD2	5.26547641621257	0.0001921000461089	No	No
Q9H159	CDH19	5.26411245469736	1.40744069480602e-05	No	No
Q9H173	SIL1	5.16153829155247	1.16099008299272e-08	No	No
Q9H223	EHD4	6.02576558319689	1.79816211338963e-06	No	No
Q9H251	CDH23	5.50249172935068	2.0048038176269603e-09	No	No
Q9H269	VPS16	5.98674793773014	2.29811614498532e-05	No	No
Q9H2K8	TAOK3	4.85095735719516	3.70288327459442e-05	No	No
Q9H3N1	TMX1	5.17883050642668	6.32519315006435e-08	No	No
Q9H3U1	UNC45A	5.90108350574648	4.61141755164933e-06	No	No
Q9H479	FN3K	5.6256091332983	9.41676860856965e-07	No	No
Q9H939	PSTPIP2	5.86387928761289	9.71928344921872e-07	No	No
Q9NQ75	CASS4	8.10651033113067	2.21076568141548e-10	No	No
Q9NRW1	RAB6B	5.53897347214595	3.01007725185477e-06	No	No
Q9NS28	RGS18	5.38977397785198	4.4882868978318e-09	No	No
Q9NVJ2	ARL8B	5.02679734929817	3.15008481675816e-06	No	No
Q9NX76	CMTM6	4.75816837874376	6.51904659993015e-05	No	No
Q9NYL9	TMOD3	7.267896169857	7.283972093861211e-14	No	No
Q9NYQ6	CELSR1	5.08620517711756	0.000209486333742	No	No
Q9NZQ3	NCKIPSD	5.22443808441503	8.01718092697715e-08	No	No
Q9P0L0	VAPA	7.70181489948898	8.30310715127646e-12	No	No
Q9UBP4	DKK3	7.31639792196348	8.46598859613729e-07	No	No
Q9UDT6	CLIP2	6.5237800101453	2.89046157229866e-08	No	No
Q9UEY8	ADD3	4.89822501864829	0.0001189617791306	No	No
Q9UFN0	NIPSNAP3A	6.69218715229822	3.69558178466198e-12	No	No
Q9UHB6	LIMA1	5.24007829463935	3.15699279421985e-07	No	No
Q9UHY1	NRBP1	5.24093621083526	8.46836768281503e-05	No	No
Q9UIA9	XPO7	4.97836567118461	5.21371603340991e-06	No	No
Q9UID3	VPS51	4.7436075135219	2.52586963055063e-05	No	No
Q9UIJ7	AK3	5.57970083378915	2.34566862031626e-08	No	No
Q9UKE5	TNIK	5.40680133474728	1.67204455622303e-07	No	No
Q9UKM7	MAN1B1	4.69884177262814	5.23384278565249e-07	No	No
Q9ULH1	ASAP1	5.43620583415307	1.71631669072646e-06	No	No
Q9UNF0	PACSIN2	6.8249569971956	4.3677664137512694e-12	No	No
Q9UNM6	PSMD13	4.68476839595627	0.0002786754631548	No	No
Q9UPN3	MACF1	6.71960881517516	2.19163137307144e-08	No	No
Q9Y2A7	NCKAP1	6.56020480045769	8.00006525000481e-10	No	No
Q9Y2Q0	ATP8A1	5.36254809920978	4.424472285856281e-09	No	No
Q9Y2Q3	GSTK1	6.18519189468552	1.1312573235539802e-09	No	No
Q9Y2X7	GIT1	4.61031134163052	0.0001127204998217	No	No
Q9Y394	DHRS7	4.75749590908752	6.33127459040666e-07	No	No
Q9Y3F4	STRAP	6.2588133799403	9.0372161030218e-09	No	No
Q9Y3Q8	TSC22D4	5.31040808274694	2.26289376023626e-09	No	No
Q9Y4D1	DAAM1	5.59317155667019	1.66301163906789e-05	No	No
Q9Y4I1	MYO5A	5.287655758475	1.69507971417371e-07	No	No
Q9Y5K6	CD2AP	5.34192454140989	4.08517789952563e-08	No	No
Q9Y5S2	CDC42BPB	5.50586210425785	7.10775748913549e-08	No	No
Q9Y5X1	SNX9	4.66595620740234	3.23949661543138e-06	No	No
Q9Y608	LRRFIP2	5.79709009285096	3.02252179165516e-06	No	No
Q9Y678	COPG1	4.84946588914364	1.86229702512256e-06	No	No
Q9Y6F6	IRAG1	6.16076102868412	1.7602756143595701e-09	No	No
Q9Y6G9	DYNC1LI1	5.42912761118542	8.46993403142968e-06	No	No
Q9Y6N5	SQOR	4.60799692714089	0.0008104086497507	No	No
A0A075B6I0	IGLV8-61	-6.02710281120835	1.49219606021117e-06	No	No
A0A075B6I9	IGLV7-46	-6.81041321205409	2.39772294847667e-08	No	No
A0A075B6J1	IGLV5-37	-9.29636525200592	1.3319942944411498e-11	No	No
A0A075B6J2	IGLV2-33	-7.06077306564165	3.920421507197691e-09	No	No
A0A075B6J9	IGLV2-18	-6.15296691845629	3.48897873762842e-06	No	No
A0A075B6K2	IGLV3-12	-7.68381441151109	1.6118054171108597e-11	No	No
A0A075B6K4	IGLV3-10	-4.61523743153935	1.82530141548331e-06	No	No
A0A075B6K6	IGLV4-3	-6.0012082082917	3.38994323199551e-05	No	No
A0A075B6Q5	IGHV3-64	-10.0671657080023	3.93637837694436e-11	No	No
A0A075B6R2	IGHV4-4	-7.97347288774422	1.00278947260461e-10	No	No
A0A075B6S2	IGKV2D-29	-5.44812191849838	1.21905479373195e-06	No	No
A0A075B6S6	IGKV2D-30	-4.83228695468483	3.14499935812959e-06	No	No
A0A075B6W8	TRAJ17	-11.9224901705117	5.34251258850019e-12	No	No
A0A075B7B6	IGHV4OR15-8	-10.1470378224546	1.20121311627063e-10	No	No
A0A075B7B8	IGHV3OR16-12	-9.92630794091613	1.79030782585421e-11	No	No
A0A075B7D0	IGHV1OR15-1	-7.56973902164568	0.0007427999062472	No	No
A0A075B7D4	IGKV1OR2-108	-9.99380817094624	9.30253599259042e-11	No	No
A0A075B7E8	IGHV3OR16-13	-6.73055610522871	4.23960749926237e-07	No	No
A0A087WSX0	IGLV5-45	-8.29207872210138	3.00993190189424e-07	No	No
A0A087WSZ0	IGKV1D-8	-5.97890018501212	9.91561699962986e-08	No	No
A0A087WYE8	IGHV1OR21-1	-4.9790476949443	0.0047148351715897	No	No
A0A0A0MS14	IGHV1-45	-6.99398999763587	1.1499598067608e-10	No	No
A0A0A0MT36	IGKV6D-21	-7.09492104040504	8.38746636021034e-09	No	No
A0A0A0MT69	IGKJ4	-10.1002320674092	9.37894046439395e-08	No	No
A0A0A0MT89	IGKJ1	-7.75211204007146	4.42699747896119e-09	No	No
A0A0A0MT96	IGKJ3	-12.1005856856673	4.71662065801897e-13	No	No
A0A0A0MTA3	IGKJ5	-11.7466989332452	2.03473682017463e-10	No	No
A0A0B4J1U3	IGLV1-36	-7.82577193203928	1.59617020801129e-08	No	No
A0A0B4J1U7	IGHV6-1	-6.37968242893228	1.09654306710453e-06	No	No
A0A0B4J1V0	IGHV3-15	-5.59176996171297	4.650009862266e-10	No	No
A0A0B4J1V2	IGHV2-26	-6.72413229855768	7.24652736283367e-07	No	No
A0A0B4J1V6	IGHV3-73	-9.4132840037996	2.0315722830561e-08	No	No
A0A0B4J1X5	IGHV3-74	-6.08286827060882	1.11861486845104e-08	No	No
A0A0B4J1X8	IGHV3-43	-7.31894302792646	1.76789836200493e-10	No	No
A0A0B4J1Y8	IGLV9-49	-6.87910130270477	1.32917157748062e-10	No	No
A0A0B4J1Y9	IGHV3-72	-8.96698183132952	5.46760561953687e-10	No	No
A0A0B4J2H0	IGHV1-69D	-5.39595757732434	2.94595775322443e-12	No	No
A0A0C4DH24	IGKV6-21	-8.68801972332119	1.85015144658226e-08	No	No
A0A0C4DH25	IGKV3D-20	-4.63916060206727	3.9329293630257e-09	No	No
A0A0C4DH29	IGHV1-3	-5.01032317907669	5.5877787558162395e-11	No	No
A0A0C4DH35	IGHV3-35	-9.18114913632372	2.1805698145429097e-11	No	No
A0A0C4DH39	IGHV1-58	-6.28386298752559	4.13464470464836e-07	No	No
A0A0C4DH67	IGKV1-8	-6.13966049756182	1.23733760494328e-08	No	No
A0A0G2JRQ6	gene	-4.73947226455848	1.1680613484626398e-11	No	No
A0A0G2JS06	IGLV5-39	-7.83742672754578	2.24781335095772e-06	No	No
A0A0J9YW62	gene	-8.63984509067586	1.19120695363641e-17	No	No
A0A0J9YX35	IGHV3-64D	-4.64793280114483	3.6838284070550904e-09	No	No
A0A0J9YXX1	IGHV5-10-1	-7.06523871428507	1.51682679782771e-06	No	No
A0A0J9YY99	gene	-7.70689773377896	6.93610392294381e-07	No	No
A0A1W2PRN1	gene	-5.50671417494941	1.90153358301158e-05	No	No
O00142	TK2	-7.64306526892407	5.68383948382713e-06	No	No
O00391	QSOX1	-6.14726297182028	1.97953276429574e-06	No	No
O14960	LECT2	-8.14703352324742	2.69610812557019e-17	No	No
O43286	B4GALT5	-8.95972891009297	8.53750596718124e-10	No	No
O60306	AQR	-4.83091779650018	3.3149267173736504e-09	No	No
O60762	DPM1	-5.43509615826384	3.35956166127052e-08	No	No
O75015	FCGR3B	-8.63197403932808	1.8307372284930997e-12	No	No
O75144	ICOSLG	-5.76071344656658	3.21030651072939e-11	No	No
O75326	SEMA7A	-4.62346511166564	4.90904574516692e-06	No	No
O75636	FCN3	-4.75947389181112	1.2426688043647e-07	No	No
O75882	ATRN	-9.52115722110301	2.5170930821653397e-11	No	No
O75884	RBBP9	-7.7413331113177	3.6883637342565896e-11	No	No
O95479	H6PD	-8.2309532609543	1.38928236373279e-12	No	No
O95497	VNN1	-11.8861942985745	2.3530397742763e-13	No	No
O95803;Q9H3R1	NDST3;NDST4	-5.74148788771085	0.0002490379300434	No	No
O95980	RECK	-5.64100791311844	8.86312167285829e-05	No	No
P00338	LDHA	-6.96948234633264	1.51047036911725e-08	No	No
P00390	GSR	-5.92863274523065	1.96011975703381e-06	No	No
P00441	SOD1	-6.69356580666098	3.60231258897817e-06	No	No
P00533	EGFR	-5.62662133261921	3.12269888862459e-08	No	No
P00558	PGK1	-5.09927562151544	2.83180329044622e-05	No	No
P00746	CFD	-7.68718953604638	1.25696022716663e-10	No	No
P00748	F12	-7.83722347989979	1.58465809987941e-09	No	No
P00751	CFB	-5.4384093327065	1.04590555798572e-13	No	No
P00915	CA1	-12.0120812268848	2.11899044819017e-15	No	No
P00918	CA2	-4.67611918228402	3.51344561229112e-12	No	No
P01033	TIMP1	-6.3084240681683	1.83825892160917e-07	No	No
P01034	CST3	-9.63144107866908	8.47535413780477e-17	No	No
P01591	JCHAIN	-4.60595129396706	0.0001592010813538	No	No
P01599	IGKV1-17	-5.35100877649979	5.75245046542665e-06	No	No
P01706	IGLV2-11	-5.78624277131542	4.06974801502222e-05	No	No
P01709	IGLV2-8	-4.96098558171633	4.88148787471914e-06	No	No
P01717	IGLV3-25	-6.6218585174295	1.22961425847113e-07	No	No
P01721	IGLV6-57	-6.74785326200508	1.5103154184973202e-09	No	No
P01742	IGHV1-69	-6.27488085711949	4.47733422996184e-16	No	No
P01743	IGHV1-46	-5.39460561665506	2.13192669252006e-05	No	No
P01766	IGHV3-13	-6.99919196061866	1.98020524960318e-07	No	No
P01767	IGHV3-53	-9.59753821314881	2.8410008497579997e-20	No	No
P01768;P0DP03	IGHV3-30;IGHV3-30-5	-6.02331276046444	1.3366249600449099e-11	No	No
P01782	IGHV3-9	-10.0998922026192	1.84842939781552e-12	No	No
P01814	IGHV2-70	-9.74546649417016	4.6030249583409703e-10	No	No
P01817	IGHV2-5	-9.98789609847697	8.32196250514387e-10	No	No
P01824	IGHV4-39	-9.27645586297933	1.85387792710573e-20	No	No
P01833	PIGR	-9.17310536356779	1.01851790448951e-10	No	No
P01880	IGHD	-7.30868595874798	1.1198440961528e-17	No	No
P02042	HBD	-12.0145207525888	1.3691144440304202e-15	No	No
P02144	MB	-8.18920455517297	1.5509212825238e-10	No	No
P02745	C1QA	-7.11434769753267	2.9155530503350304e-19	No	No
P02747	C1QC	-5.51593254928306	3.29445393253266e-12	No	No
P02750	LRG1	-6.2549255424131	5.842672425051659e-11	No	No
P02775	PPBP	-5.75492159589479	3.00709177791351e-05	No	No
P02786	TFRC	-4.68336946362034	1.00472687317139e-12	No	No
P02790	HPX	-6.40393713544613	5.16217276626915e-24	No	No
P03950	ANG	-12.3586369822542	8.531968460986851e-14	No	No
P03951	F11	-12.3856683139431	1.1319731235256201e-14	No	No
P03952	KLKB1	-6.7113336922605	1.2634157650641899e-12	No	No
P04066	FUCA1	-5.33506351098645	1.0967765592248e-07	No	No
P04080	CSTB	-4.62122240925141	2.64098959970421e-06	No	No
P04180	LCAT	-5.73407654142504	3.18043010847432e-06	No	No
P04211	IGLV7-43	-12.3324343988146	3.028958190103e-12	No	No
P04746	AMY2A	-5.478672297057	1.03175919052711e-07	No	No
P05062	ALDOB	-9.87979972336645	8.505806147067031e-09	No	No
P05109	S100A8	-4.94876214003552	6.63103290214844e-08	No	No
P05156	CFI	-4.83819350083448	8.96591817918562e-08	No	No
P05362	ICAM1	-7.55212693018405	6.40473290194337e-20	No	No
P05452	CLEC3B	-9.65168805154931	1.7600010154972001e-15	No	No
P05543	SERPINA7	-4.6366248423667	6.74190929965067e-15	No	No
P06276	BCHE	-8.46580796153415	4.44913232677424e-16	No	No
P06310	IGKV2-30	-9.37183143057538	5.16215572744824e-17	No	No
P06312	IGKV4-1	-5.97259132925635	7.45608725198001e-08	No	No
P06331	IGHV4-34	-6.34276560798686	7.655374000033729e-11	No	No
P06702	S100A9	-4.99613778963021	5.19718381926657e-07	No	No
P06703	S100A6	-5.163512305113	1.18786678584991e-05	No	No
P06731	CEACAM5	-9.07232747950935	4.31422607560352e-13	No	No
P06732	CKM	-6.46714561960488	2.1809170351211903e-09	No	No
P07148	FABP1	-11.5749024952508	3.77125039324344e-17	No	No
P07195	LDHB	-5.73293179758334	1.14538463026027e-06	No	No
P07307	ASGR2	-7.12075980980287	6.947492939061211e-09	No	No
P07339	CTSD	-7.01570619842213	1.03020786362237e-09	No	No
P08185	SERPINA6	-5.34130010141933	6.73197421620851e-10	No	No
P08195	SLC3A2	-6.20636106297007	1.1521709130126e-11	No	No
P08217	CELA2A	-11.1704891512956	2.96089721404321e-14	No	No
P08253	MMP2	-9.25504420736029	1.12102414314438e-08	No	No
P08493	MGP	-8.59940623407841	7.2896206334955805e-09	No	No
P08581	MET	-7.37947395335073	3.0963478245814703e-09	No	No
P09172	DBH	-6.96353042936339	9.36991685219946e-15	No	No
P09960	LTA4H	-5.78819991622722	2.78368083904439e-05	No	No
P09972	ALDOC	-4.67216481427945	0.000115683585839	No	No
P0DJI9	SAA2	-6.8964533862426	2.45739626977211e-07	No	No
P0DOY3	IGLC3	-8.68263059788434	0.0025419725886765	No	No
P0DP01	IGHV1-8	-5.8162719695514	2.16808852009932e-10	No	No
P0DP08	IGHV4-38-2	-5.12955207628665	6.78140952097813e-07	No	No
P0DTE1	IGHV3-38-3	-5.48110433678899	3.90887628935834e-15	No	No
P10586	PTPRF	-6.82379140396992	1.7114728858117502e-09	No	No
P11717	IGF2R	-5.34650381496619	7.50399478040334e-10	No	No
P12109	COL6A1	-4.81747333283155	7.028234636179759e-11	No	No
P12318	FCGR2A	-5.02144623305719	2.2442368799899102e-10	No	No
P12821	ACE	-6.163732110875	6.85929786958878e-08	No	No
P12955	PEPD	-9.69542929723444	6.6825750736092705e-15	No	No
P13473	LAMP2	-9.67121772805983	2.29215206705117e-10	No	No
P13671	C6	-5.57106137307871	1.5017560528571701e-09	No	No
P13688	CEACAM1	-10.0947297100769	1.26583945391972e-16	No	No
P14151	SELL	-5.11585407500197	3.35173702554977e-05	No	No
P15090	FABP4	-5.66234101632721	1.23391245290947e-05	No	No
P15144	ANPEP	-7.39043899956623	8.324088591921619e-11	No	No
P15151	PVR	-7.77205317226375	3.6713079503209604e-14	No	No
P15907	ST6GAL1	-8.83870274795877	6.26195013408763e-06	No	No
P16930	FAH	-5.07379482474276	5.79981423530133e-08	No	No
P17927	CR1	-5.37496120550546	1.5887966813669e-05	No	No
P17931	LGALS3	-4.73112444338497	1.37983021956333e-05	No	No
P17936	IGFBP3	-6.17181122545276	4.45795351366034e-12	No	No
P18065	IGFBP2	-12.3448138455618	1.5687777909679e-13	No	No
P18564	ITGB6	-13.4211515202021	6.78692280573565e-26	No	No
P20023	CR2	-6.24231901552916	3.30051123666821e-08	No	No
P20933	AGA	-8.98121412667675	6.648515902386741e-15	No	No
P22692	IGFBP4	-7.1124557653233	4.11238866729848e-06	No	No
P22897	MRC1	-9.10379891274505	1.7434314509263001e-15	No	No
P23083	IGHV1-2	-4.92854562375235	4.3010696275627996e-12	No	No
P24592	IGFBP6	-7.14522810403514	2.47731038534864e-08	No	No
P24593	IGFBP5	-5.67446649290667	1.91596134303275e-09	No	No
P25311	AZGP1	-5.78799193398485	4.7408820720286e-19	No	No
P26927	MST1	-7.87654270187663	6.344550966415401e-10	No	No
P27487	DPP4	-5.83840299599516	2.8608800507046803e-09	No	No
P27918	CFP	-9.39541264128363	5.4613282494601496e-18	No	No
P29401	TKT	-8.226520241917	1.07387747358502e-08	No	No
P30043	BLVRB	-8.17503549528998	5.1366273217382604e-09	No	No
P31949	S100A11	-4.82662518649884	3.87231819833387e-06	No	No
P32942	ICAM3	-4.90903963754588	0.0001253562371809	No	No
P33908	MAN1A1	-9.75562744155289	1.0794338964187001e-16	No	No
P34096	RNASE4	-6.1109509172897	5.846042128527e-06	No	No
P35590	TIE1	-8.83620642667345	3.3461021613245304e-09	No	No
P36222	CHI3L1	-8.71291706114576	2.7956437233658e-14	No	No
P36980	CFHR2	-7.05294019035992	1.03419097145352e-08	No	No
P37837	TALDO1	-4.75062215822312	4.46434953791904e-05	No	No
P38571	LIPA	-4.66930057414629	0.0003976243497551	No	No
P40189	IL6ST	-6.02678535866085	1.33459565065493e-10	No	No
P40925	MDH1	-4.81420911191588	1.60039716044413e-06	No	No
P41222	PTGDS	-6.55024057344406	2.69607919450377e-06	No	No
P42785	PRCP	-8.00839379901612	4.1173651218298695e-11	No	No
P43121	MCAM	-5.88391360380294	1.18496709426414e-05	No	No
P43652	AFM	-6.25200308708691	7.66601640933713e-19	No	No
P48304	REG1B	-5.10176221570381	1.05129159140856e-06	No	No
P48637	GSS	-7.79065650808099	4.636089625865051e-09	No	No
P49908	SELENOP	-4.76608193459983	8.73934559445667e-05	No	No
P49913	CAMP	-4.93297327387852	6.4485246498587e-05	No	No
P51797	CLCN6	-9.49244410230546	4.36929288897783e-15	No	No
P54108	CRISP3	-17.5158766407015	4.42164117309632e-21	No	No
P54289	CACNA2D1	-9.82484362539894	6.07601666472843e-11	No	No
P54802	NAGLU	-5.88628579422656	3.38241751052947e-08	No	No
P55290	CDH13	-5.68179165421596	6.6644718188558e-05	No	No
P55774	CCL18	-6.18680453897264	6.78447627544786e-10	No	No
P55854	SUMO3	-4.89588608994637	0.0001459786446929	No	No
P61769	B2M	-4.74381515557054	4.44491811891871e-06	No	No
P62979;P0CG47;P0CG48;P62987	RPS27A;UBA52;UBB;UBC	-4.71156856546669	3.11565806242492e-05	No	No
P69892	HBG2	-12.6334731098448	2.0661667063766497e-18	No	No
P80188	LCN2	-6.33544193664347	1.21275866019117e-05	No	No
P80511	S100A12	-5.85612601496041	5.84073139307466e-10	No	No
P80723	BASP1	-6.03900709381935	3.28924317802323e-05	No	No
P81605	DCD	-5.55932535684324	2.7183770651040303e-09	No	No
Q01459	CTBS	-13.3506089846239	5.98238693133088e-16	No	No
Q02747	GUCA2A	-8.99094304819395	2.46874124775421e-14	No	No
Q02985	CFHR3	-10.1723793303115	6.038379072606021e-09	No	No
Q03154	ACY1	-4.65532778670376	4.55501675251381e-05	No	No
Q03591	CFHR1	-10.7230887238601	1.40297101281765e-19	No	No
Q04756	HGFAC	-7.66626989670643	4.88600980687599e-07	No	No
Q10588	BST1	-7.08869295003482	1.3825015002785e-07	No	No
Q12860	CNTN1	-8.6766851275449	2.97932137112445e-13	No	No
Q12866	MERTK	-9.040911488377	1.04806695079224e-06	No	No
Q13093	PLA2G7	-5.81089328636817	5.959533212241959e-11	No	No
Q13113	PDZK1IP1	-8.2680747881594	2.7189412299316197e-12	No	No
Q13508	ART3	-8.42564729066369	9.78576250929659e-16	No	No
Q13740	ALCAM	-5.64550305086831	2.50418032495974e-10	No	No
Q13822	ENPP2	-12.7876581449606	8.79712451194642e-20	No	No
Q14019	COTL1	-8.05534418162166	6.2941627366049e-09	No	No
Q14118	DAG1	-4.86266334232273	3.56142353075266e-05	No	No
Q14623	IHH	-5.60194440889151	1.0941188674065e-05	No	No
Q15113	PCOLCE	-9.26350713104014	3.66280955445071e-14	No	No
Q15485	FCN2	-8.72250752320551	1.79917938380823e-08	No	No
Q15828	CST6	-7.02108808209169	8.823548783838481e-09	No	No
Q15848	ADIPOQ	-11.8798583926265	2.25721506221079e-13	No	No
Q16270	IGFBP7	-7.61041906276692	2.49487192065889e-10	No	No
Q16394	EXT1	-8.77222828489235	1.04624020736876e-14	No	No
Q16610	ECM1	-4.64446505682245	7.12286444701429e-06	No	No
Q16627	CCL14	-9.87617720443341	7.18328512024523e-17	No	No
Q16706	MAN2A1	-7.45401522250658	1.35399721151544e-07	No	No
Q16853	AOC3	-11.7402762477381	8.52507987227329e-13	No	No
Q5T750	XP32	-4.74068486025239	0.0011373499371544	No	No
Q66GS9	CEP135	-11.5968495548377	2.59192226206171e-13	No	No
Q6EMK4	VASN	-7.76391244527552	2.5256569268433e-13	No	No
Q6UWP8	SBSN	-4.92475506112035	0.0050066533980987	No	No
Q6UY14	ADAMTSL4	-5.51854852110198	3.33941682359809e-08	No	No
Q76LX8	ADAMTS13	-5.22813337910893	1.58897411575514e-06	No	No
Q7Z7M0	MEGF8	-13.8472979466312	2.5099204395971202e-14	No	No
Q86SQ4	ADGRG6	-5.27441234767792	5.50678517957153e-09	No	No
Q86U17	SERPINA11	-7.33686775690792	2.79371358332635e-14	No	No
Q86VB7	CD163	-10.7781970851475	1.89274766552895e-16	No	No
Q8IWV2	CNTN4	-8.10262396640437	9.75585729519501e-15	No	No
Q8N149	LILRA2	-5.06560906884105	0.0021258174822585	No	No
Q8N423	LILRB2	-6.76328447295049	7.7705616092384e-08	No	No
Q8N6C8	LILRA3	-8.3888087099766	2.50940189891853e-13	No	No
Q8TBE9	NANP	-5.62368555725181	4.48350980405307e-08	No	No
Q8WWW0	RASSF5	-9.46488816580726	5.84679709481634e-09	No	No
Q8WXG6	MADD	-6.04965397798128	2.5858483582441798e-12	No	No
Q8WZ42	TTN	-5.46661980239602	9.02723450443579e-07	No	No
Q8WZ75	ROBO4	-6.95923538448601	6.82090782673631e-07	No	No
Q92626	PXDN	-5.70031477897187	0.0026500929618259	No	No
Q92743	HTRA1	-4.65387856396922	0.0001290044284852	No	No
Q92820	GGH	-9.89398805355436	5.7759326802965e-09	No	No
Q92835	INPP5D	-4.85918099093587	0.0002321153949716	No	No
Q93063	EXT2	-4.90836171464713	1.95790818543478e-05	No	No
Q96BY6	DOCK10	-5.91883872799497	0.0001831598924239	No	No
Q96IY4	CPB2	-10.0671394758071	1.40034430235628e-13	No	No
Q99784	OLFM1	-9.86480991027766	3.73068417789331e-11	No	No
Q99969	RARRES2	-11.7606514141331	3.18842279155685e-12	No	No
Q9BTY2	FUCA2	-8.04253181042151	3.2787611809060703e-09	No	No
Q9BU23	LMF2	-6.10116930934814	1.8942396522756302e-14	No	No
Q9BXR6	CFHR5	-6.75855536208157	1.9188614586163e-07	No	No
Q9GZT8	NIF3L1	-5.49274653187062	2.14907738249213e-05	No	No
Q9H299	SH3BGRL3	-5.64344483486419	3.3660534336733e-08	No	No
Q9H4G4	GLIPR2	-5.64650007994041	9.73566905488589e-07	No	No
Q9H8L6	MMRN2	-6.90128727809478	1.67105850439149e-09	No	No
Q9HDC9	APMAP	-4.98095209266799	2.34634290093237e-06	No	No
Q9NP78	ABCB9	-5.04709132532005	1.61034860680999e-08	No	No
Q9NP80	PNPLA8	-9.622517313383	1.55432510665726e-08	No	No
Q9NPH3	IL1RAP	-6.55776270139867	2.29525987887871e-08	No	No
Q9NPR2	SEMA4B	-5.16419464743075	1.75132273098392e-05	No	No
Q9NQ38	SPINK5	-9.75518022793735	9.3523842333441e-15	No	No
Q9NTU7	CBLN4	-7.31125053974513	3.47584852789647e-11	No	No
Q9NZK5	ADA2	-11.4777129673053	9.380139776544192e-15	No	No
Q9P232	CNTN3	-7.60973668319543	8.1591159474687e-09	No	No
Q9UBE0	SAE1	-6.06067483536025	4.75326006243016e-10	No	No
Q9UBQ6	EXTL2	-7.46173276696959	1.05194552227246e-08	No	No
Q9UBR2	CTSZ	-10.3109031506942	5.030664981705391e-09	No	No
Q9UGM5	FETUB	-8.60629237193702	1.0463260036292101e-15	No	No
Q9UHG3	PCYOX1	-6.6387441132066	8.32562946861664e-07	No	No
Q9UKX5	ITGA11	-5.87407835890399	2.2109904965728e-07	No	No
Q9UM47	NOTCH3	-4.82918754892941	0.0001495086073431	No	No
Q9UNN8	PROCR	-6.73047534548183	3.7925291946313103e-10	No	No
Q9UNW1	MINPP1	-6.34928290190268	2.2538990593309898e-11	No	No
Q9Y5C1	ANGPTL3	-4.8751316991335	0.0002230443035401	No	No
