Protein_Group	Genes	Ctrl_OE_Y+_vs_Ctrl_OE_Y-_logFC	Ctrl_OE_Y+_vs_Ctrl_OE_Y-_pval	Removed?	is_contaminant
O00622	CCN1	1.638634185	7.42e-06	No	No
O15054	KDM6B	1.541988846	0.001638864	No	No
O43187	IRAK2	1.884311728	0.007568162	No	No
O43520	ATP8B1	1.655576479	6.93e-05	No	No
O60478	GPR137B	2.021151915	0.008122698	No	No
O60675	MAFK	1.186944267	1.79e-07	No	No
O75911	DHRS3	1.595345169	2.71e-17	No	No
O76061	STC2	1.990079248	2.26e-12	No	No
O94907	DKK1	1.875842491	0.000191962	No	No
O95057	DIRAS1	2.108686428	0.005657063	No	No
O95477	ABCA1	1.131806714	0.007891036	No	No
P00488	F13A1	1.206169053	0.001570666	No	No
P00742	F10	1.948178735	5.14e-05	No	No
P01100	FOS	2.051235417	6.27e-07	No	No
P01106	MYC	1.767274746	2.73e-07	No	No
P02656	APOC3	3.366182099	2.95e-16	No	No
P06702	S100A9	2.202489531	0.000512061	No	No
P10646	TFPI	1.531572326	1.34e-05	No	No
P10914	IRF1	1.632595436	2.37e-08	No	No
P12034	FGF5	4.920357975	4.51e-24	No	No
P12272	PTHLH	2.188730797	0.001093873	No	No
P12273	PIP	2.032821087	1.48e-05	No	No
P13500	CCL2	1.0814482	0.008289282	No	No
P13929	ENO3	1.298496008	0.009429788	No	No
P15018	LIF	1.455750874	2.35e-10	No	No
P15036	ETS2	1.286452499	1.27e-09	No	No
P17275	JUNB	1.153471286	1.4e-05	No	No
P17676	CEBPB	1.115596252	0.000120519	No	No
P18146	EGR1	5.776945213	3.54e-25	No	No
P18847	ATF3	2.88561795	8.98e-10	No	No
P19883	FST	2.805867012	1.83e-06	No	No
P20809	IL11	1.232088396	0.000731048	No	No
P21439	ABCB4	2.616280875	0.001904703	No	No
P21580	TNFAIP3	1.315981718	2.06e-06	No	No
P22352	GPX3	2.349288547	3.12e-11	No	No
P25311	AZGP1	1.971732311	0.000753296	No	No
P26022	PTX3	1.372775277	1.34e-06	No	No
P29279	CCN2	1.625235777	9.73e-11	No	No
P35625	TIMP3	1.374560948	0.009422749	No	No
P38936	CDKN1A	3.213653564	0.000455533	No	No
P41182	BCL6	1.493794365	8.93e-05	No	No
P46695	IER3	1.33988996	0.000134557	No	No
P53539	FOSB	2.929151439	5.97e-13	No	No
P53805	RCAN1	2.021311778	4.68e-07	No	No
P55042	RRAD	2.984144338	3.01e-05	No	No
P61587	RND3	1.32148082	1.89e-16	No	No
P63252	KCNJ2	1.17127879	0.000843132	No	No
P78382	SLC35A1	1.795597346	0.007102488	No	No
Q01201	RELB	6.252551029	0.000288293	No	No
Q13253	NOG	2.356953236	1.6e-10	No	No
Q13469	NFATC2	1.970863723	3.2e-05	No	No
Q13794	PMAIP1	1.296721554	0.000280264	No	No
Q13887	KLF5	3.262942818	1.72e-06	No	No
Q16236	NFE2L2	1.458547526	0.006568389	No	No
Q16649	NFIL3	1.550103756	1.82e-10	No	No
Q5TAT6	COL13A1	1.153393629	0.00186103	No	No
Q6FHJ7	SFRP4	1.790301848	5.15e-06	No	No
Q6ICH7	ASPHD2	1.341997605	0.007784008	No	No
Q6KF10	GDF6	1.582877258	0.0037653	No	No
Q6S5L8	SHC4	2.087999961	0.001093175	No	No
Q6UWB1	IL27RA	3.02021864	6.26e-05	No	No
Q7Z699	SPRED1	1.108516346	0.001409996	No	No
Q86UD1	OAF	1.727163376	0.000590536	No	No
Q86UX7	FERMT3	1.431187109	0.004623971	No	No
Q86VQ0	LCA5	2.078351768	0.001931089	No	No
Q86VY9	TMEM200A	2.440193116	0.000161675	No	No
Q8IVL1	NAV2	1.213752675	0.000150788	No	No
Q8WUJ3	CEMIP	3.027823182	0.000480196	No	No
Q8WZ71	TMEM158	1.659072863	6.61e-07	No	No
Q92833	JARID2	1.712211367	1.09e-07	No	No
Q969H0	FBXW7	1.716808168	0.00606825	No	No
Q96QD8	SLC38A2	1.144616014	1.05e-08	No	No
Q99075	HBEGF	2.547136856	2.58e-06	No	No
Q99758	ABCA3	3.279291589	0.000277632	No	No
Q99988	GDF15	4.640441262	2.58e-14	No	No
Q9BTL4	IER2	1.941800931	0.004193676	No	No
Q9BXX0	EMILIN2	2.172147701	8.2e-05	No	No
Q9C0J9	BHLHE41	3.173602608	0.008603569	No	No
Q9H1J7	WNT5B	1.300362358	0.000346736	No	No
Q9H5J8	TAF1D	3.1997278	7.98e-05	No	No
Q9H741	SPRING1	2.899224061	0.005697261	No	No
Q9NQX5	NPDC1	1.50859963	1.04e-06	No	No
Q9UBE8	NLK	1.762467185	0.000827472	No	No
Q9ULX9	MAFF	1.838002464	2.3e-19	No	No
A0A1B0GVQ0	SPAAR	-1.308820097	7.49e-08	No	No
O14682	ENC1	-1.622556187	8.07e-07	No	No
O14917	PCDH17	-1.49570234	0.002415075	No	No
O15151	MDM4	-1.087626549	0.001848273	No	No
O43768	ENSA	-1.094434982	1.9e-07	No	No
O75473	LGR5	-3.121429389	0.000817675	No	No
O95185	UNC5C	-1.355779472	2.03e-08	No	No
P02452	COL1A1	-1.1858533	0.00269293	No	No
P10600	TGFB3	-1.637833273	9.8e-05	No	No
P15884	TCF4	-1.26363119	0.009736536	No	No
P23759	PAX7	-1.221708188	0.000134115	No	No
P29400	COL4A5	-4.39710894	0.00138871	No	No
P35713	SOX18	-2.600841607	5.27e-07	No	No
P51530	DNA2	-1.267656209	0.007595699	No	No
P52799	EFNB2	-1.219022163	2.57e-06	No	No
P56645	PER3	-3.437149236	0.000677271	No	No
P57060	RWDD2B	-1.758700829	0.000414475	No	No
P58005	SESN3	-1.489562231	0.000943394	No	No
P78414	IRX1	-3.778351852	0.001451244	No	No
Q02297	NRG1	-1.364159705	8.79e-09	No	No
Q12840	KIF5A	-1.796720546	0.000422672	No	No
Q13495	MAMLD1	-2.686544167	0.008166118	No	No
Q14050	COL9A3	-4.952218753	0.002529542	No	No
Q14126	DSG2	-2.67575486	8.55e-06	No	No
Q14135	VGLL4	-1.526734574	0.005982075	No	No
Q16667	CDKN3	-1.125514019	2.63e-06	No	No
Q4KMG0	CDON	-1.524837519	0.007088351	No	No
Q5D0E6	DALRD3	-1.919420838	0.005897567	No	No
Q5R3F8	ELFN2	-4.404250914	0.004214557	No	No
Q6EMK4	VASN	-2.56495483	1.84e-05	No	No
Q6PJG9	LRFN4	-3.448763966	3.58e-05	No	No
Q8IZC4	RTKN2	-1.853128468	0.004914024	No	No
Q8N441	FGFRL1	-1.459441235	1.7e-08	No	No
Q8NFH8	REPS2	-2.778315933	0.001679343	No	No
Q8NFZ4	NLGN2	-1.514274885	5.91e-05	No	No
Q92823	NRCAM	-1.380006387	1.27e-06	No	No
Q96BM1	ANKRD9	-2.794188757	0.000368891	No	No
Q96MT3	PRICKLE1	-1.171359548	0.006783599	No	No
Q96SD1	DCLRE1C	-1.113032956	0.008062907	No	No
Q99611	SEPHS2	-1.56919406	0.006107475	No	No
Q9BXI9	C1QTNF6	-2.248621621	0.007145028	No	No
Q9BY66	KDM5D	-2.116966349	1.77e-05	No	No
Q9H3M7	TXNIP	-1.482823267	0.000120758	No	No
Q9NP87	POLM	-4.089729897	0.001967212	No	No
Q9NZ53	PODXL2	-1.375162437	1.02e-13	No	No
Q9P212	PLCE1	-1.810028592	0.008654648	No	No
Q9UIF7	MUTYH	-1.192513407	0.005473307	No	No
Q9UKI2	CDC42EP3	-1.656723305	0.000208125	No	No
Q9UNN8	PROCR	-1.147908774	1.53e-05	No	No
Q9Y6N7	ROBO1	-1.200110141	2.5e-11	No	No
