Protein_Group	Genes	AURKA_dox-_vs_IgG_dox-_logFC	AURKA_dox-_vs_IgG_dox-_pval	Removed?	Contaminant?
A1L020	MEX3A	2.82958844901096	5.36118599531376e-06	No	No
A2AJT9	BCLAF3	2.03617432340976	8.91483636030963e-06	No	No
A8K2U0	A2ML1	2.81802107771881	0.0003961444789108	No	No
A8K855	EFCAB7	1.77794750416696	4.53670205909478e-07	No	No
C9JLW8	MCRIP1	2.00078947828808	1.8579931594706e-05	No	No
E9PRG8	C11orf98	2.98394156739423	2.04061239457508e-07	No	No
O00178	GTPBP1	2.0557130741723	1.77108184693705e-05	No	No
O00257	CBX4	3.9736160008251	4.5003397107337204e-15	No	No
O00268	TAF4	2.09261562972516	0.0009445855126303	No	No
O00391	QSOX1	2.736511236146	0.0002350409696427	No	No
O00400	SLC33A1	2.21671964315418	0.0063822897777797	No	No
O00411	POLRMT	2.46794806530246	0.000193531437719	No	No
O00423	EML1	6.97065496446771	1.19252818934732e-10	No	No
O00488	ZNF593	3.51544625801088	0.0001449055668598	No	No
O00562	PITPNM1	4.63586595542168	2.78953037322615e-12	No	No
O00566	MPHOSPH10	3.19155470874113	5.35413679898788e-06	No	No
O00622	CCN1	2.32044402442304	0.0008251856715602	No	No
O14497	ARID1A	2.35871141211934	0.0004740875850908	No	No
O14523	C2CD2L	4.36408283271651	3.47893356211518e-08	No	No
O14640	DVL1	2.5519325527998	0.000993805172308	No	No
O14647	CHD2	1.78884083351277	0.0005472099293914	No	No
O14757	CHEK1	2.49446601100631	0.0001264914939878	No	No
O14802	POLR3A	2.77982589500859	2.72128557706873e-06	No	No
O14924	RGS12	4.59951317205967	0.0037194789836141	No	No
O14965	AURKA	6.56721842210637	7.4290851732224e-21	No	No
O15014	ZNF609	2.94278497423743	0.0001401349694308	No	No
O15040	TECPR2	4.45573562301112	7.15078046495751e-14	No	No
O15042	U2SURP	3.70421628314037	3.24162940161513e-14	No	No
O15116	LSM1	3.26508922155231	3.51641422645729e-07	No	No
O15118	NPC1	1.65429256167032	0.0001120227417654	No	No
O15160	POLR1C	2.33196704359316	2.24462492498525e-09	No	No
O15169	AXIN1	3.82108464844584	1.13865441623775e-07	No	No
O15213	WDR46	2.5233687312472	3.24924508656284e-05	No	No
O15226	NKRF	1.6445280582426	4.11726347503721e-07	No	No
O15230	LAMA5	4.98109589117416	2.76278347490691e-06	No	No
O15234	CASC3	3.5134897821733	9.35529156386964e-07	No	No
O15235	MRPS12	3.8589394990475	3.22564493667468e-13	No	No
O15360	FANCA	2.4152654854589	0.0072996506556162	No	No
O15392	BIRC5	3.58658338758717	3.1624799068015e-06	No	No
O15446	POLR1G	2.80220299796922	1.7418523875943e-06	No	No
O15516	CLOCK	3.25902744366559	4.18113640939236e-08	No	No
O15550	KDM6A	4.20340163153159	1.21177092506755e-05	No	No
O43143	DHX15	2.59795952293058	6.7274465022858e-10	No	No
O43159	RRP8	1.99686295654895	0.0004749784141622	No	No
O43379	WDR62	2.44345348183337	5.83233492322177e-08	No	No
O43432	EIF4G3	1.66153989824446	6.96175069479916e-06	No	No
O43463	SUV39H1	4.17068002127946	0.0013681671665201	No	No
O43660	PLRG1	2.54609095316998	3.82980867143695e-12	No	No
O43683	BUB1	2.16046487819545	7.67289543148893e-07	No	No
O43791	SPOP	4.04921003431486	7.69332710518622e-12	No	No
O43818	RRP9	2.60341867301601	2.26296300291806e-07	No	No
O60281	ZNF292	2.25838355417831	0.0035786582955139	No	No
O60293	ZFC3H1	5.18805590275276	1.20385482558581e-07	No	No
O60336	MAPKBP1	1.96338465395691	1.92660873837322e-06	No	No
O60524	NEMF	1.81494545077759	5.0339159893754e-05	No	No
O60832	DKC1	1.94512954058635	0.0001563161616806	No	No
O60870	KIN	2.53073320788746	1.47085649093645e-05	No	No
O60927	PPP1R11	3.20892508129227	0.0008846746469905	No	No
O60930	RNASEH1	3.42071823386488	0.0006820796117625	No	No
O75122	CLASP2	2.30153858147226	2.10275281305248e-10	No	No
O75127	PTCD1	3.53504306131656	4.11463045147746e-09	No	No
O75152	ZC3H11A	2.40837151917005	5.86391615948622e-06	No	No
O75153	CLUH	5.48324365017408	2.2495084712129602e-20	No	No
O75167	PHACTR2	5.41434845358506	3.07001827796298e-10	No	No
O75342	ALOX12B	3.61217615999186	1.99322898367847e-06	No	No
O75410	TACC1	2.02463705209615	2.94069391902689e-05	No	No
O75529	TAF5L	1.88185092252023	0.0034573213677923	No	No
O75530	EED	3.17625746355632	0.0034012492361978	No	No
O75533	SF3B1	3.55065563194268	1.71251542799608e-12	No	No
O75554	WBP4	3.56755522821075	0.0022798958975074	No	No
O75575	CRCP	4.84289128178173	9.17294462953038e-13	No	No
O75683	SURF6	2.19124623927926	4.16361675105026e-06	No	No
O75691	UTP20	1.80429696980113	0.004165735485597	No	No
O75817	POP7	2.82016489963295	1.52519327662243e-05	No	No
O75909	CCNK	2.5272428152985	0.0016007152379509	No	No
O75934	BCAS2	3.4960309490772	7.459020365714881e-14	No	No
O75940	SMNDC1	2.80734212376166	2.83168397539732e-07	No	No
O76021	RSL1D1	1.76249960471886	0.0002762716360612	No	No
O94915	FRYL	2.20841813380746	6.352138322319491e-09	No	No
O95067	CCNB2	4.51361133895373	1.73558882518133e-07	No	No
O95084	PRSS23	3.06923873017681	0.0008277661805194	No	No
O95229	ZWINT	2.57388609303805	0.0018075038059801	No	No
O95232	LUC7L3	2.68632025701111	3.04238417533156e-06	No	No
O95243	MBD4	2.48075078690655	0.0008552813052892	No	No
O95295	SNAPIN	2.64733991476399	0.0002228120415235	No	No
O95363	FARS2	2.29609192043803	1.20886653194541e-05	No	No
O95391	SLU7	2.08133267966602	0.0001057706287971	No	No
O95445	APOM	3.06650834964855	2.38794232696641e-07	No	No
O95453	PARN	1.91341214962823	6.18534552122633e-05	No	No
O95478	NSA2	2.49836290579912	0.0001350095436519	No	No
O95503	CBX6	6.81695436331725	6.24171247771169e-14	No	No
O95625	ZBTB11	2.96642453544263	0.0019567556750834	No	No
O95793	STAU1	2.00953745741473	2.35733884002129e-11	No	No
O95900	TRUB2	2.9687329464954	1.81289365216889e-05	No	No
O95985	TOP3B	3.11954342912271	3.09922314028847e-10	No	No
O96013	PAK4	3.71639124287493	1.59673723678718e-13	No	No
O96028	NSD2	2.11364680396148	0.0029805266786376	No	No
P00734	F2	5.13971929254453	5.81850861613481e-06	No	No
P00747	PLG	4.95063345975588	1.06830280468711e-10	No	No
P01011	SERPINA3	2.59910291602609	0.0007411551069324	No	No
P01031	C5	4.98290152074123	7.31797576820792e-08	No	No
P01034	CST3	2.37741607175689	1.61496899798722e-05	No	No
P02675	FGB	2.70994512299792	0.0075565983335941	No	No
P02748	C9	2.38567001312251	0.0049373884087787	No	No
P04040	CAT	4.6547588452288	2.3438941962178403e-15	No	No
P04062	GBA1	1.65052025132624	0.0066999969443678	No	No
P04114	APOB	2.63317723100577	1.2543982484165902e-09	No	No
P04196	HRG	6.856008610324	5.289096422971169e-11	No	No
P05546	SERPIND1	3.25959083569256	0.0002240350191878	No	No
P07357	C8A	5.18115355514979	4.842222495491121e-09	No	No
P07358	C8B	8.52058725455474	4.99617817327426e-19	No	No
P07996	THBS1	1.91057021611805	4.60376337968567e-05	No	No
P08048;P17010	ZFX;ZFY	3.33398726196376	1.251682684301e-14	No	No
P08579	SNRPB2	2.32535093331764	9.46217396376565e-06	No	No
P08842	STS	3.99050942086999	0.001718284299777	No	No
P09001	MRPL3	3.21334103340032	1.0937897708566299e-12	No	No
P09661	SNRPA1	2.63660782655687	3.13676551809563e-07	No	No
P0C0L4	C4A	4.85124768046046	1.06034131073505e-10	No	No
P0CG12	DERPC	5.07578021182442	2.53785502741193e-12	No	No
P0DPB6	POLR1D	2.53918545581665	3.39145767716868e-05	No	No
P10253	GAA	4.25971629637113	0.0001137686689416	No	No
P10588	NR2F6	6.21111121700981	4.42544950054069e-10	No	No
P10589	NR2F1	4.31269597445439	8.08479560794468e-14	No	No
P10643	C7	6.14117678358678	2.72437333738302e-15	No	No
P10909	CLU	2.22283523325937	0.0038013339475266	No	No
P11387	TOP1	1.75835793874029	0.008268225117456	No	No
P11940	PABPC1	1.97089318432722	6.0086230535878e-09	No	No
P13671	C6	4.80133217793709	5.96175628740504e-09	No	No
P13994	YJU2B	3.43311795794626	7.18512309174696e-06	No	No
P16989	YBX3	2.46151545041048	3.64994999151949e-10	No	No
P17706	PTPN2	2.33777201680209	0.0077525143633902	No	No
P18615	NELFE	3.41371451283792	1.39317509751916e-06	No	No
P18621	RPL17	1.67638028235834	6.30277589034683e-08	No	No
P19022	CDH2	2.17531483840975	0.0003267995190394	No	No
P20338	RAB4A	1.85358417201367	0.0047910053608955	No	No
P22087	FBL	1.70134489016832	0.0002901152906203	No	No
P22234	PAICS	2.03537446838531	2.2562498642061797e-11	No	No
P22532	SPRR2D	2.29333175134876	0.0008997313149167	No	No
P23025	XPA	4.40755389653283	0.0021526788461648	No	No
P23258	TUBG1	3.17972642848178	1.8300461078979502e-09	No	No
P23490	LORICRIN	2.71368190990737	0.0003777207549256	No	No
P24468	NR2F2	3.21429942872111	9.220940184386659e-12	No	No
P25054	APC	3.53968254316389	2.07084412142654e-09	No	No
P27169	PON1	7.7063250597501	3.53274700000285e-20	No	No
P27658	COL8A1	3.81098544631507	2.1107066781794302e-09	No	No
P28290	ITPRID2	1.92489958878065	5.62314587330718e-06	No	No
P28715	ERCC5	2.7392208221566	0.0026139093665916	No	No
P29375	KDM5A	3.07052722113944	0.0002401205405426	No	No
P30414	NKTR	4.60126304431429	0.0002153235136565	No	No
P33981	TTK	3.40355228752411	1.49095873458528e-07	No	No
P35221	CTNNA1	4.16714047367643	1.12516863168463e-14	No	No
P35222	CTNNB1	1.76236651282101	1.03476711655186e-08	No	No
P35226	BMI1	3.09201734997915	4.16798810749048e-09	No	No
P35227	PCGF2	4.06355038129719	2.13447987660441e-12	No	No
P35542	SAA4	5.67904432140937	3.80246686790054e-16	No	No
P35612	ADD2	2.24559670534052	9.4153960920785e-11	No	No
P35637	FUS	2.25745874337997	1.2724236080044501e-09	No	No
P38398	BRCA1	4.17318446704306	0.0066048445463866	No	No
P38432	COIL	2.91677979765225	2.0698921973923e-06	No	No
P38935	IGHMBP2	5.05255949293024	1.3091587980338e-06	No	No
P39060	COL18A1	2.27000067019599	0.0024844304008643	No	No
P40222	TXLNA	2.22477944541569	3.06637366925302e-07	No	No
P41212	ETV6	3.84761942630603	7.58776198922576e-14	No	No
P41223	BUD31	2.23962199825807	0.0013083881703479	No	No
P41440	SLC19A1	5.86287827135646	7.06177322713556e-14	No	No
P42696	RBM34	2.86057900741489	6.84949112831218e-05	No	No
P42766	RPL35	1.71899152545463	5.44676276503712e-06	No	No
P43235	CTSK	1.98770342427538	0.0007068764093311	No	No
P45984	MAPK9	3.08198275710103	1.43172777687434e-14	No	No
P46063	RECQL	4.58909279706609	2.50634246904603e-19	No	No
P46776	RPL27A	1.69048864711168	8.500079790845841e-09	No	No
P46781	RPS9	1.95778792159828	2.95202595602542e-11	No	No
P47914	RPL29	1.91418373360068	2.04347868387934e-08	No	No
P48594	SERPINB4	2.37875133338012	0.0042642430729104	No	No
P48634	PRRC2A	2.72408963057219	2.95789780474452e-14	No	No
P49356	FNTB	2.50032804349073	5.1864810177463e-05	No	No
P49406	MRPL19	2.90263730335981	4.62638037144129e-11	No	No
P49770	EIF2B2	2.22818372523885	0.0004355846202498	No	No
P49848	TAF6	3.85374126581687	0.0001416687378375	No	No
P49902	NT5C2	2.86403865234752	1.32041397980269e-09	No	No
P51114	FXR1	2.34183916813918	1.44356136730326e-08	No	No
P51116	FXR2	2.35818518857992	8.791259545138691e-09	No	No
P52298	NCBP2	2.14088506676702	1.4636993984094502e-09	No	No
P52741	ZNF134	5.61895523808122	2.2732925656426303e-09	No	No
P52756	RBM5	3.72347023209347	2.4561617288541e-08	No	No
P52815	MRPL12	2.14799835744222	4.0277890157101e-07	No	No
P52888	THOP1	3.98173508374991	1.16888630520767e-07	No	No
P53667	LIMK1	2.84141952236473	0.0083872678125885	No	No
P54253	ATXN1	4.32734841268777	2.82338857777101e-10	No	No
P54259	ATN1	3.16012672979732	8.93019872720776e-13	No	No
P54652	HSPA2	2.56353894367226	4.91253640882579e-05	No	No
P55058	PLTP	2.87719905903749	1.12703544069341e-05	No	No
P55199	ELL	3.99171845533491	1.65916904623544e-06	No	No
P55285	CDH6	4.44704805822961	4.73653820437103e-13	No	No
P56177	DLX1	2.74626396814387	0.0032280352290344	No	No
P56182	RRP1	2.83230177600878	0.0005912267828865	No	No
P57775	FBXW4	1.9980002842659	9.14305628759564e-07	No	No
P59923	ZNF445	1.74699293948252	0.0001352462084144	No	No
P61244	MAX	3.53819239979543	0.0018359852434351	No	No
P61247	RPS3A	1.88350676770014	2.5907776829709602e-09	No	No
P61254	RPL26	1.94151104754199	9.64453902618657e-10	No	No
P61964	WDR5	1.92604153087414	6.04766003738522e-06	No	No
P62241	RPS8	1.87344041647705	1.7266364436315e-09	No	No
P62277	RPS13	2.07119069153221	3.38607536341141e-11	No	No
P62314	SNRPD1	1.99758745768039	6.36843705298653e-06	No	No
P62316	SNRPD2	1.99230712966585	1.01095331001475e-07	No	No
P62750	RPL23A	2.3509797137172	1.12772145332677e-08	No	No
P62753	RPS6	2.19021515300288	2.51478836680078e-10	No	No
P62841	RPS15	1.63247342549576	6.99468496615046e-07	No	No
P62847	RPS24	2.22073123174355	9.98212113643008e-07	No	No
P62854	RPS26	1.87067185853011	1.1418502251457e-08	No	No
P62861	FAU	2.28677396408132	0.0003352578362957	No	No
P62899	RPL31	1.98384629357149	1.69424261719088e-07	No	No
P62910	RPL32	2.12160247162857	1.89397033994791e-07	No	No
P67809	YBX1	2.32057108790917	3.12540377382608e-09	No	No
P78312	FAM193A	4.39307257935092	4.63648268291303e-06	No	No
P78316	NOP14	2.47315721881028	0.0004115017140077	No	No
P78332	RBM6	3.28793592047489	6.4981825649828e-14	No	No
P78345	RPP38	1.6696749103638	0.0016232120567473	No	No
P78347	GTF2I	4.73516850619731	6.706793114034251e-15	No	No
P78362	SRPK2	2.57247218892856	2.93147257930184e-07	No	No
P78364	PHC1	6.18438720430002	6.213763061374591e-19	No	No
P78524	DENND2B	5.63874421811573	4.16411508401526e-06	No	No
P78549	NTHL1	1.88887932127833	5.70685844481236e-06	No	No
P82673	MRPS35	5.23488887699876	2.28614229911112e-06	No	No
P82675	MRPS5	2.46556138349007	5.61338302661596e-05	No	No
P82914	MRPS15	2.79506785173729	1.86726392226398e-08	No	No
P82933	MRPS9	1.72665942811877	6.65229107427082e-06	No	No
P83731	RPL24	1.71250998311161	3.60822189768985e-07	No	No
P83881	RPL36A	2.40811023030859	8.95202174472979e-07	No	No
P84022	SMAD3	2.05684214849888	4.26279083784284e-08	No	No
P84098	RPL19	2.02289993853809	3.54754916433969e-08	No	No
P98175	RBM10	7.81024473553527	3.16212554921159e-22	No	No
Q00577	PURA	2.24250055431632	1.57431612242335e-08	No	No
Q00653	NFKB2	2.4074409386901	9.6859981326659e-11	No	No
Q00765	REEP5	4.45655973549963	7.09369321064814e-05	No	No
Q00796	SORD	1.79774243036886	0.0022468765023883	No	No
Q01201	RELB	5.08808028450044	1.45011483962507e-19	No	No
Q02086	SP2	6.30378437377002	3.7523546193287604e-20	No	No
Q03113	GNA12	1.71528067030714	0.0002313698116904	No	No
Q03164	KMT2A	3.86564956398014	0.000917245532298	No	No
Q03188	CENPC	2.80036473959436	0.0002435429532704	No	No
Q03468	ERCC6	2.0512146734952	0.000693134326671	No	No
Q03701	CEBPZ	2.07884192626611	0.0064626633955045	No	No
Q06265	EXOSC9	1.63270715024057	9.21748963884663e-05	No	No
Q06587	RING1	2.75334657441733	1.80864897006851e-05	No	No
Q06787	FMR1	3.08799047874512	7.90850594586649e-12	No	No
Q08AD1	CAMSAP2	6.1171713900922	4.95725943286929e-21	No	No
Q08AG7	MZT1	5.29455045009457	7.63497243832094e-13	No	No
Q09161	NCBP1	1.81308940656828	1.2057342626357501e-09	No	No
Q0PNE2	ELP6	4.07083801856929	3.4264646658871e-11	No	No
Q12788	TBL3	1.7373942191705	0.002145707037632	No	No
Q12815	TROAP	2.43824415866396	3.90339908804821e-06	No	No
Q12830	BPTF	1.63806845684492	0.0005965554950284	No	No
Q12857	NFIA	2.95720574885334	0.001324039848297	No	No
Q12872	SFSWAP	5.33022692145797	6.62866650057876e-13	No	No
Q12874	SF3A3	1.67195678288141	4.95283295467915e-06	No	No
Q12894	IFRD2	4.65274173863709	8.92679758685821e-11	No	No
Q12899	TRIM26	3.19918686198957	3.98918582396043e-06	No	No
Q12981	BNIP1	5.352419360986	2.6384611145300403e-09	No	No
Q12986	NFX1	4.87633460293729	2.88804538705644e-12	No	No
Q13084	MRPL28	3.19730459021141	6.66730618582502e-07	No	No
Q13114	TRAF3	1.88121996677521	0.0085348462397272	No	No
Q13118	KLF10	6.4587025115981	3.76222361750913e-11	No	No
Q13206	DDX10	2.06955556571518	0.0003753231059548	No	No
Q13243	SRSF5	2.20654631168678	1.13334304100801e-05	No	No
Q13283	G3BP1	3.59032135888894	1.7104360147665799e-16	No	No
Q13310	PABPC4	1.979301892067	2.19514686895354e-08	No	No
Q13405	MRPL49	4.34941437065851	1.1180542187535598e-11	No	No
Q13435	SF3B2	3.68877310879056	3.2233077884017e-14	No	No
Q13472	TOP3A	2.65487253990309	0.0001885624017999	No	No
Q13492	PICALM	3.64357599115707	6.00111039204626e-12	No	No
Q13574	DGKZ	5.14687570811164	2.57356495603877e-07	No	No
Q13586	STIM1	3.19258253362624	0.0020018680603292	No	No
Q13601	KRR1	2.34722183942848	7.81694983325475e-05	No	No
Q13610	PWP1	2.49442401101905	1.35669126985377e-06	No	No
Q13823	GNL2	1.98298409273162	0.0062224206887706	No	No
Q13895	BYSL	2.20551583993998	7.81945761564209e-07	No	No
Q13901	C1D	2.52855816779797	2.92321743768709e-06	No	No
Q14004	CDK13	1.88968887948937	1.52914246234347e-05	No	No
Q14135	VGLL4	3.2848819804096	4.4287624850753e-09	No	No
Q14197	MRPL58	2.98224286872298	2.54331365400879e-10	No	No
Q14202	ZMYM3	1.76044724129812	0.0039227669398775	No	No
Q14210	LY6D	1.90036333008713	0.0065999245893454	No	No
Q14241	ELOA	2.32217839619824	2.27908956616433e-05	No	No
Q14444	CAPRIN1	6.58716253925431	1.39033806823914e-24	No	No
Q14574	DSC3	2.13735949011072	0.0015326689164573	No	No
Q14643	ITPR1	2.13269190763236	0.0050760004213134	No	No
Q14644	RASA3	1.87241626185587	0.0024011005949289	No	No
Q14674	ESPL1	2.24953553113593	0.00081708581518	No	No
Q14684	RRP1B	1.86265929604306	1.38704184548585e-05	No	No
Q14692	BMS1	2.38329451697065	0.0001976208242496	No	No
Q14694	USP10	2.99064003467463	1.2023984427239899e-16	No	No
Q14781	CBX2	4.68655141014803	6.28866503061172e-13	No	No
Q15006	EMC2	2.16568994830857	3.75184449523006e-05	No	No
Q15022	SUZ12	2.40416383777291	0.0015314300610057	No	No
Q15024	EXOSC7	2.01387500323245	9.17091396928183e-06	No	No
Q15032	R3HDM1	2.40334117033322	0.0010361467831759	No	No
Q15050	RRS1	1.70798461870635	0.0011538776504238	No	No
Q15067	ACOX1	1.84066215568468	0.000397001401244	No	No
Q15269	PWP2	2.16092503468871	1.207610673976e-05	No	No
Q15291	RBBP5	1.97219013699661	0.0001019243187521	No	No
Q15361	TTF1	3.99597628497525	5.43442261629471e-06	No	No
Q15393	SF3B3	3.70064593063803	4.1081054263030906e-15	No	No
Q15397	PUM3	3.06555054342833	0.0015348730597853	No	No
Q15427	SF3B4	4.2761576607988	5.80244468787826e-16	No	No
Q15428	SF3A2	2.3119459367908	6.38929873667413e-07	No	No
Q15434	RBMS2	1.90939453008233	0.0030282969347248	No	No
Q15435	PPP1R7	2.17063416469514	6.45303417436469e-05	No	No
Q15459	SF3A1	1.96788262333376	1.29912910742445e-05	No	No
Q15532	SS18	3.52531696054021	0.0023855765005307	No	No
Q15554	TERF2	1.77713499606839	0.0015098560354051	No	No
Q15582	TGFBI	3.09259839556453	0.0068732144800531	No	No
Q15649	ZNHIT3	4.79112607218854	8.90902422909123e-11	No	No
Q15696	ZRSR2	2.5037060241251	0.0010900081809512	No	No
Q15796	SMAD2	2.88271189357494	1.01419154064142e-12	No	No
Q15910	EZH2	3.18083119475184	0.0032984379099727	No	No
Q16363	LAMA4	3.71747393472099	2.27056251553122e-06	No	No
Q16514	TAF12	2.94772889205928	2.54403779018873e-07	No	No
Q16540	MRPL23	2.56060880633961	8.41533478322414e-10	No	No
Q16670	ZSCAN26	1.74156870549322	0.0004501193388521	No	No
Q1ED39	KNOP1	3.40600113109334	1.64638791780149e-08	No	No
Q2M296	MTHFSD	1.7909948098238	0.0004081164430229	No	No
Q2NL82	TSR1	3.29285237759256	0.0011241118748044	No	No
Q2TAL8	QRICH1	6.68386668518084	2.88990059147104e-19	No	No
Q2TAZ0	ATG2A	5.54614263434211	4.6466148468753e-10	No	No
Q2TB10	ZNF800	2.6460361323997	1.15176159844625e-06	No	No
Q2V2M9	FHOD3	3.37970696443051	1.70938550889879e-08	No	No
Q32NC0	C18orf21	2.68777465232937	6.99447582154554e-08	No	No
Q3MHD2	LSM12	2.25285540068712	4.5263231949308e-07	No	No
Q49A26	GLYR1	2.46077073599053	1.60224726097107e-08	No	No
Q4G0F5	VPS26B	2.82018278957446	2.78529884233731e-08	No	No
Q4G0J3	LARP7	3.30364479841609	1.0319955121436e-05	No	No
Q4U2R6	MRPL51	3.21214870441532	1.65874586335053e-08	No	No
Q52LR7	EPC2	3.30173799991166	1.94696051953384e-06	No	No
Q53F19	NCBP3	4.03404852222139	1.79002273055668e-06	No	No
Q53GL0	PLEKHO1	2.11934675013984	0.0008112808208316	No	No
Q53HL2	CDCA8	2.0671561581325	0.0008864765623995	No	No
Q562F6	SGO2	1.89842444253539	0.0040669358736161	No	No
Q56NI9	ESCO2	3.30077819864855	8.45803003883071e-06	No	No
Q58A45	PAN3	4.04550081301367	0.0002354135259928	No	No
Q5BJH7	YIF1B	3.35221206846257	0.000139409745935	No	No
Q5C9Z4	NOM1	2.16089731403188	5.19305333706334e-06	No	No
Q5F1R6	DNAJC21	4.11437028682368	2.85325011105457e-07	No	No
Q5H9R7	PPP6R3	2.30059393543074	3.7215853232155104e-09	No	No
Q5H9U9	DDX60L	4.21643379219554	3.15723806239094e-05	No	No
Q5HYI7	MTX3	5.74327596047901	3.84423270574964e-05	No	No
Q5JSZ5	PRRC2B	3.456602324965	5.44181584368101e-17	No	No
Q5JTD0	TJAP1	3.01614775510946	5.01337304301747e-05	No	No
Q5JTH9	RRP12	1.78009646071988	0.0001573365254516	No	No
Q5QJE6	DNTTIP2	2.36958805216407	8.30089441719486e-05	No	No
Q5SYE7	NHSL1	2.61913688152695	2.30638380559068e-05	No	No
Q5T1M5	FKBP15	2.78331777439034	9.052643264883831e-10	No	No
Q5T200	ZC3H13	1.69729903452319	0.0003448678297808	No	No
Q5T280	SPOUT1	2.37142591305483	1.75010343352146e-05	No	No
Q5T3I0	GPATCH4	3.62161587175671	1.7137505757432e-06	No	No
Q5T5C0	STXBP5	1.96137367531902	0.0066401785554613	No	No
Q5T5Y3	CAMSAP1	3.71623772769835	1.21917254532613e-08	No	No
Q5T653	MRPL2	2.95261639343022	3.1675067576983004e-10	No	No
Q5T6F2	UBAP2	2.01148962609236	8.508183548627971e-09	No	No
Q5T6S3	PHF19	3.13508731039186	2.21463333909478e-11	No	No
Q5T750	KPLCE	1.94321936798741	0.0021189289846649	No	No
Q5TAT6	COL13A1	5.63871553295491	8.573334149464011e-10	No	No
Q5TC82	RC3H1	1.98474146809951	0.0023396434468993	No	No
Q5TCZ1	SH3PXD2A	3.42621728894959	5.38860871442469e-06	No	No
Q5TGY3	AHDC1	2.59920880442017	0.0001616994505222	No	No
Q5VWQ0	RSBN1	4.3723668722471	9.08588514445182e-09	No	No
Q66K74	MAP1S	1.7334041677432	6.32221600133023e-08	No	No
Q68CP9	ARID2	2.86721071338103	6.01399294005849e-13	No	No
Q68D10	SPTY2D1	3.74348039638866	2.6993247731952697e-11	No	No
Q693B1	KCTD11	3.81441065316183	1.09069205759709e-12	No	No
Q69YH5	CDCA2	1.69908673950445	0.0008573037628151	No	No
Q6EKJ0	GTF2IRD2B	4.86383987762506	6.16179135435417e-08	No	No
Q6IMN6	CAPRIN2	3.98730827365044	0.0019000692322553	No	No
Q6IN84	MRM1	2.63836629794038	0.0067289148476012	No	No
Q6IQ16	SPOPL	6.38861468220818	2.36062372265948e-14	No	No
Q6KCM7	SLC25A25	3.13409829521664	1.83443516479557e-05	No	No
Q6NUQ4	TMEM214	1.91752532461241	0.0079869961636309	No	No
Q6NW34	NEPRO	2.61419087037858	1.90511785069682e-05	No	No
Q6NZ67	MZT2B	3.70333331159588	7.76184617993011e-11	No	No
Q6P087	RPUSD3	2.09948286117793	9.91305544931943e-10	No	No
Q6P158	DHX57	3.50523570985583	9.91585574490371e-10	No	No
Q6P161	MRPL54	1.8394011954195	0.0002152119449516	No	No
Q6P1X5	TAF2	2.93264745841284	9.57585404428933e-07	No	No
Q6P4R8	NFRKB	3.51828265270122	0.0018906108068158	No	No
Q6P582	MZT2A	3.98484264502496	1.5189233265098698e-12	No	No
Q6PCB5	RSBN1L	3.44978605861001	1.4451647434331902e-09	No	No
Q6PIY7	TENT2	2.79083380110315	0.0003265504684783	No	No
Q6PK04	CCDC137	1.87148959060706	0.0001262256783225	No	No
Q6PKG0	LARP1	2.44344126945373	4.28960949742612e-13	No	No
Q6RFH5	WDR74	1.64495454830849	0.0010606838606281	No	No
Q6T4R5	NHS	2.61587863638414	4.93501407761885e-06	No	No
Q6UB99	ANKRD11	4.27065746168749	0.0020420792897906	No	No
Q6UVJ0	SASS6	6.72796645300665	7.27868272230168e-11	No	No
Q6ZN55	ZNF574	3.20566812318396	0.0001338149030963	No	No
Q6ZNB6	NFXL1	1.85011538521868	0.0068886293498324	No	No
Q70CQ4	USP31	2.69796143351851	0.0002983306835242	No	No
Q71RG4	TMUB2	3.9266323524977	2.68450266367378e-08	No	No
Q71SY5	MED25	2.42402588872652	0.0011425146432905	No	No
Q75N03	CBLL1	2.54489350381813	6.0224726236921e-05	No	No
Q7KZ85	SUPT6H	3.54370418418137	2.93508718933968e-08	No	No
Q7L2J0	MEPCE	1.68017851449524	0.0036771437446907	No	No
Q7LGA3	HS2ST1	2.33401170050639	0.0022653768700434	No	No
Q7RTV0	PHF5A	4.05784235285176	1.12846095520566e-14	No	No
Q7Z2W9	MRPL21	4.10465825618274	4.4033657284090704e-17	No	No
Q7Z3G6	PRICKLE2	3.17577664727041	0.0003991452828801	No	No
Q7Z3J2	VPS35L	3.29050547329684	0.0004563997244532	No	No
Q7Z417	NUFIP2	3.10464328899693	6.86284017781854e-10	No	No
Q7Z460	CLASP1	2.42984258461517	1.2374218144192099e-11	No	No
Q7Z478	DHX29	2.73715449715475	6.37855391074691e-06	No	No
Q7Z5J4	RAI1	3.59925116306963	6.61210580632421e-05	No	No
Q7Z6E9	RBBP6	3.18862089333418	0.00024964870492	No	No
Q7Z6K5	ARPIN	2.52186856850319	3.13112643158626e-10	No	No
Q7Z7F7	MRPL55	2.90359533883531	4.69637817426331e-07	No	No
Q86SX3	TEDC1	2.95962035098134	0.000381762809752	No	No
Q86TB9	PATL1	1.80759830870546	0.000441505570483	No	No
Q86TS9	MRPL52	1.76235046242065	1.83807893923287e-05	No	No
Q86U06	RBM23	1.77932008259951	1.10635779749207e-06	No	No
Q86UE4	MTDH	1.96862846474993	1.31817417603467e-09	No	No
Q86US8	SMG6	2.66506007173291	0.0014840168126149	No	No
Q86UW6	N4BP2	3.95764344439869	6.57123493456381e-07	No	No
Q86UX7	FERMT3	3.54272697637844	5.80880232193474e-08	No	No
Q86UY8	NT5DC3	1.88064413953596	0.0005713044130798	No	No
Q86VZ6	JAZF1	7.64127923048995	2.85571729097542e-05	No	No
Q86X52	CHSY1	2.44379282065234	0.001138183681858	No	No
Q86X76	NIT1	6.77526294256236	8.705364191429761e-15	No	No
Q86XK2	FBXO11	2.91832110234061	7.27511016195271e-10	No	No
Q86YH2	ZNF280B	5.39177470786376	4.50094002335737e-05	No	No
Q86Z20	CCDC125	6.12653389724283	1.16553700582392e-19	No	No
Q8IV48	ERI1	4.35292107287579	3.1017914130887503e-10	No	No
Q8IVL0	NAV3	2.94666262832406	2.82019391301679e-05	No	No
Q8IWA0	WDR75	2.0118272772149	1.56473874764021e-05	No	No
Q8IWB9	TEX2	3.22315242446847	4.5250279057604e-05	No	No
Q8IWS0	PHF6	1.91677892813489	0.0002610893478046	No	No
Q8IWX8	CHERP	3.82995302003698	1.4292036718904702e-15	No	No
Q8IWY9	CDAN1	6.82543785962301	1.84033435746854e-17	No	No
Q8IWZ3	ANKHD1	2.1697401275231	0.0054917237112085	No	No
Q8IWZ8	SUGP1	3.20920475840177	1.74389641717303e-07	No	No
Q8IX12	CCAR1	6.92768507334468	5.22485206600435e-25	No	No
Q8IXK0	PHC2	3.61101995235461	7.377671851371951e-15	No	No
Q8IXM3	MRPL41	3.78373950626113	6.3423872461032e-11	No	No
Q8IXQ6	PARP9	3.71285932909944	1.40463410938621e-10	No	No
Q8IXZ2	ZC3H3	4.57955532414844	5.51277087186698e-05	No	No
Q8IY21	DDX60	3.0695896252572	0.0026952547639366	No	No
Q8IY37	DHX37	2.8353207719038	5.61027743454678e-06	No	No
Q8IY57	YAF2	5.21812918653755	2.57688539549641e-13	No	No
Q8IYA6	CKAP2L	1.8321114929937	1.80248958522096e-05	No	No
Q8IYH5	ZZZ3	3.70160372958963	7.6687323669491e-08	No	No
Q8IYT2	CMTR2	2.09580373122552	0.0075772710946742	No	No
Q8IZQ1	WDFY3	2.92735032086816	0.0048435358560757	No	No
Q8IZT6	ASPM	4.12764506134827	9.915346060995639e-11	No	No
Q8N1G2	CMTR1	2.24254340709389	7.78507648218089e-05	No	No
Q8N2G6	ZCCHC24	1.64805739426951	4.21401891599939e-05	No	No
Q8N4N3	KLHL36	2.23500775539078	0.001357492496565	No	No
Q8N567	ZCCHC9	3.77461399010634	5.3475731830759e-07	No	No
Q8N5A5	ZGPAT	2.40121384486356	3.79925334625351e-05	No	No
Q8N5C6	SRBD1	3.3139595773682	4.30248012801391e-06	No	No
Q8N5I2	ARRDC1	2.80288031957042	0.0003206280690191	No	No
Q8N5N7	MRPL50	2.80351098076224	5.00392121611642e-12	No	No
Q8N5P1	ZC3H8	6.12674492970591	2.11130753053242e-20	No	No
Q8N5U6	RNF10	2.29091333612888	3.1664013369339e-05	No	No
Q8N6Y2	LRRC17	2.91777480886154	0.0004221786645452	No	No
Q8N8D1	PDCD7	3.2758609013423	0.00057961538209	No	No
Q8N954	GPATCH11	5.24552908076659	2.2149622123389402e-14	No	No
Q8N983	MRPL43	4.33473394880166	1.1715561079569598e-18	No	No
Q8N9M1	C19orf47	2.71190958811678	1.76685884391796e-05	No	No
Q8N9N2	ASCC1	1.82365587226946	6.55177579793852e-06	No	No
Q8N9N5	BANP	5.48646030927857	4.84695573115268e-17	No	No
Q8N9T8	KRI1	2.80748325754533	1.87099335480127e-08	No	No
Q8NC60	NOA1	4.23765432549176	1.40153634326312e-06	No	No
Q8NCA5	FAM98A	1.94031741322431	1.16308393796788e-07	No	No
Q8NCX0	CCDC150	2.33258988421184	0.0005930184164488	No	No
Q8ND82	ZNF280C	1.79971141523218	0.0075531643937305	No	No
Q8NDD1	FSAF1	2.47364432520843	0.0001205106695395	No	No
Q8NDT2	RBM15B	3.77825312329712	9.29668840124381e-05	No	No
Q8NDX5	PHC3	3.36843226121443	3.748023969867e-08	No	No
Q8NEF9	SRFBP1	3.26308536712552	2.97658695895654e-06	No	No
Q8NEJ9	NGDN	1.96119842136214	0.0011543694552281	No	No
Q8NEX9	SDR9C7	2.02252861640719	0.0049688483495159	No	No
Q8NEZ2	VPS37A	2.03383814409199	0.0060207152401126	No	No
Q8NEZ4	KMT2C	6.14086158700077	4.67461150854006e-10	No	No
Q8NHQ9	DDX55	2.17589132396094	4.36949993046352e-05	No	No
Q8NI36	WDR36	1.69970290553022	0.0001812366728316	No	No
Q8TAE8	GADD45GIP1	2.88881199105077	1.6772058607275201e-10	No	No
Q8TAP9	MPLKIP	2.27221818825828	0.0002650489324765	No	No
Q8TBF4	ZCRB1	3.40359521012638	5.638492896788601e-10	No	No
Q8TCC3	MRPL30	2.62267409762035	1.2103070192407001e-10	No	No
Q8TCX1	DYNC2LI1	2.06602057064097	2.7547638548783e-05	No	No
Q8TDB6	DTX3L	2.49449163110375	3.9866978508501e-11	No	No
Q8TDD1	DDX54	1.89414746749665	1.48866895781046e-05	No	No
Q8TDN6	BRIX1	2.55297223515923	0.0076362133184471	No	No
Q8TE02	ELP5	3.56233120949105	5.45867429129116e-11	No	No
Q8TED0	UTP15	1.6390959560639	5.06857131781304e-05	No	No
Q8TEP8	CEP192	1.93636705180802	4.70595466972849e-06	No	No
Q8WUA4	GTF3C2	2.45901807716037	0.0003018323749547	No	No
Q8WUB8	PHF10	3.26107699496731	1.40841287863687e-08	No	No
Q8WUK0	PTPMT1	1.63216031392092	0.0036610185102699	No	No
Q8WV24	PHLDA1	2.08779167235611	2.19868692208892e-05	No	No
Q8WVI0	UQCC5	3.66646896649612	3.1050304493226098e-12	No	No
Q8WVM0	TFB1M	3.97077358624879	2.90643053624744e-08	No	No
Q8WVS4	DYNC2I1	2.17012762297946	0.0010912212719139	No	No
Q8WVV4	POF1B	2.38005207099644	0.000165298699839	No	No
Q8WW12	PCNP	2.49971865515747	0.000413831206419	No	No
Q8WWK9	CKAP2	1.95102664503228	0.0001583417096067	No	No
Q8WWM7	ATXN2L	2.43970675514728	2.24226216310948e-07	No	No
Q8WXF1	PSPC1	1.80113361227805	5.45767124232377e-05	No	No
Q8WXX5	DNAJC9	2.40621355884203	1.38080349571674e-05	No	No
Q8WY36	BBX	3.1072781762248	4.84704406160261e-06	No	No
Q8WYA1	BMAL2	2.37717911356274	7.34930929684208e-08	No	No
Q8WYQ5	DGCR8	3.38384037416162	0.0001133713209753	No	No
Q92522	H1-10	2.14101749435165	0.0002909846519703	No	No
Q92547	TOPBP1	2.84685919710717	4.22743998957327e-05	No	No
Q92576	PHF3	2.0723641494896	0.0058293247446467	No	No
Q92615	LARP4B	1.87671511009179	2.10168404676973e-10	No	No
Q92665	MRPS31	2.52344514469602	2.40217205619797e-07	No	No
Q92785	DPF2	2.80468952734656	0.0083222234158136	No	No
Q92793	CREBBP	2.78555674450694	8.44838029849066e-05	No	No
Q92796	DLG3	2.7826712243926	0.0003237675294895	No	No
Q92804	TAF15	3.41625555805919	2.43642938560578e-12	No	No
Q92830	KAT2A	2.75679347315973	4.31690590050708e-06	No	No
Q92870	APBB2	3.37751256954661	6.75075689196493e-08	No	No
Q92896	GLG1	5.54194940717161	9.24751844255819e-12	No	No
Q92900	UPF1	1.72131726071093	1.2400102407777e-07	No	No
Q92979	EMG1	3.17810249699644	3.4839362640325e-06	No	No
Q92993	KAT5	2.32600912596173	0.0001151587107516	No	No
Q93008	USP9X	2.19559442870306	7.49032122279574e-12	No	No
Q93063	EXT2	3.03079124466779	0.0049031403658252	No	No
Q969Q0	RPL36AL	2.07756585025892	1.63443738419388e-06	No	No
Q969X6	UTP4	1.75476577859424	5.89160262460612e-06	No	No
Q96A19	CCDC102A	2.33647978650019	1.33247331836173e-08	No	No
Q96A35	MRPL24	2.99367665048447	1.4385471133669099e-11	No	No
Q96AA3	RFT1	3.79558741741845	0.0017924704695523	No	No
Q96AQ6	PBXIP1	1.93695996782272	0.0022928751876434	No	No
Q96BK5	PINX1	2.82397446049737	0.0001361542401483	No	No
Q96C92	ENTR1	2.3883098984081	1.64172851270305e-07	No	No
Q96CG3	TIFA	4.82637316619388	1.29007650181747e-08	No	No
Q96CM3	RPUSD4	3.38335117430053	2.16239731625763e-06	No	No
Q96CW5	TUBGCP3	3.66346160007618	1.87775397143549e-11	No	No
Q96DF8	ESS2	3.61708430372806	6.42177462739084e-05	No	No
Q96DP5	MTFMT	2.76712341524138	0.0002405541253993	No	No
Q96DU7	ITPKC	2.38053087728574	0.001021294012564	No	No
Q96DV4	MRPL38	3.64493332872963	4.3285540697994e-13	No	No
Q96E29	MTERF3	2.89182745581726	1.10964743655713e-06	No	No
Q96EB1	ELP4	3.09528865201457	2.2465865557393697e-12	No	No
Q96ES7	SGF29	4.64139263307379	1.51114691640728e-08	No	No
Q96EU6	RRP36	2.56617459409835	5.71393628773658e-06	No	No
Q96EV2	RBM33	4.87510943021555	6.16457018169506e-16	No	No
Q96EY4	TMA16	2.04759594765843	0.0008166683288533	No	No
Q96EY7	PTCD3	2.05065313308154	2.2456212649915001e-10	No	No
Q96F63	CCDC97	3.50341112717547	1.98209805573116e-07	No	No
Q96FJ2	DYNLL2	2.64360094103919	0.0003192355402976	No	No
Q96G21	IMP4	2.19655601915729	1.25110158877844e-05	No	No
Q96GA3	LTV1	2.16003027797936	0.0012933944811412	No	No
Q96GD3	SCMH1	7.50852844833313	7.17765757611293e-16	No	No
Q96GK7	FAHD2A	3.63147430873404	6.963040612179111e-09	No	No
Q96GQ7	DDX27	1.93568782223028	0.0030107239224856	No	No
Q96I25	RBM17	5.12931932565898	1.23983517183971e-13	No	No
Q96I51	RCC1L	2.53184712160665	0.0010323520323173	No	No
Q96IY4	CPB2	4.76706866114939	2.2125873044861e-09	No	No
Q96JC9	EAF1	1.83259785597125	6.06408682615526e-05	No	No
Q96JM2	ZNF462	3.67643328324182	0.0026505353742075	No	No
Q96JP5	ZFP91	2.25420673467528	8.10545742746656e-07	No	No
Q96K58	ZNF668	3.13643056834648	0.001869891480692	No	No
Q96K76	USP47	2.21147724485855	0.0003068704943253	No	No
Q96KA5	CLPTM1L	2.2083980438308	0.0060401773993617	No	No
Q96KM6	ZNF512B	2.90879620666085	8.50605923440179e-06	No	No
Q96L58	B3GALT6	3.27669562877296	3.06785546731527e-06	No	No
Q96L91	EP400	4.83791351752699	8.907897267515179e-11	No	No
Q96LI5	CNOT6L	2.05563703022598	0.0035395829288488	No	No
Q96LT9	RNPC3	2.48675383536944	1.82059246978941e-05	No	No
Q96N96	SPATA13	4.00455031981011	3.0238133128692e-08	No	No
Q96P11	NSUN5	1.6755190813596	0.000885489623257	No	No
Q96PM9	ZNF385A	2.47531676717534	6.30548569135571e-05	No	No
Q96PV6	LENG8	2.78057590346018	0.0003049957260528	No	No
Q96Q42	ALS2	2.13845502236428	0.0030202261674827	No	No
Q96QC0	PPP1R10	4.82042712715915	2.15032984836092e-09	No	No
Q96QD9	FYTTD1	2.01385196551299	2.80821860541688e-05	No	No
Q96QE3	ATAD5	2.51312388309854	0.0001022870843288	No	No
Q96QR8	PURB	1.77135519977037	2.89440099892909e-08	No	No
Q96QT6	PHF12	2.78586221798182	2.77046912296204e-08	No	No
Q96R06	SPAG5	9.2652645495638	2.76527857665117e-22	No	No
Q96RF0	SNX18	1.81893967209835	1.10771119945101e-05	No	No
Q96RK0	CIC	4.33390626387356	4.92414152633508e-09	No	No
Q96RL1	UIMC1	1.83791731037118	0.0050344565860256	No	No
Q96RS0	TGS1	3.59582455317694	1.46868381492603e-05	No	No
Q96RT7	TUBGCP6	3.46202454522735	1.57688776572508e-10	No	No
Q96RT8	TUBGCP5	5.11258582955674	1.75539023337831e-13	No	No
Q96SL8	FIZ1	2.83328112970154	0.0036124930725039	No	No
Q96ST2	IWS1	4.39082664385777	2.82248041420891e-06	No	No
Q96T21	SECISBP2	4.24720425857253	0.0018471096929595	No	No
Q99417	MYCBP	4.00663409814024	6.31011357574281e-10	No	No
Q99459	CDC5L	2.82111840867262	3.41826974282775e-14	No	No
Q99496	RNF2	3.8349040632468	9.390349441524281e-15	No	No
Q99547	MPHOSPH6	1.79116233890837	2.91431309373265e-05	No	No
Q99575	POP1	2.49653704919389	9.14488243187207e-07	No	No
Q99590	SCAF11	2.22039699637068	0.003563516083809	No	No
Q99622	C12orf57	4.7649088509383	0.0001950450339015	No	No
Q99743	NPAS2	4.78963470323561	1.7078715984007599e-13	No	No
Q99755	PIP5K1A	2.01267096542485	5.55956999332187e-07	No	No
Q99848	EBNA1BP2	2.27383835884114	0.0008297064776927	No	No
Q99985	SEMA3C	3.25470487656399	2.50591643427141e-06	No	No
Q9BQ04	RBM4B	1.80502213715736	0.0007444617889555	No	No
Q9BQ39	DDX50	2.24597228379359	6.84374095294145e-06	No	No
Q9BQ48	MRPL34	2.64138299789644	3.22048010364447e-07	No	No
Q9BQ50	TREX2	2.10143959465534	0.0075391696707094	No	No
Q9BQ61	TRIR	2.69809748174771	0.0007644093981292	No	No
Q9BQ67	GRWD1	1.75100170445215	1.00545289959673e-06	No	No
Q9BQ75	CMSS1	2.06209430508595	4.2930640073767e-05	No	No
Q9BQ90	KLHDC3	2.17638002607963	0.0060782933664371	No	No
Q9BQC6	MRPL57	3.83196742804149	5.70575618592622e-12	No	No
Q9BRD0	BUD13	3.12508590746966	8.16725230820522e-06	No	No
Q9BRJ2	MRPL45	3.25214349575186	3.82184467367214e-10	No	No
Q9BRJ6	CHLSN	2.35822161937926	6.41279840305467e-05	No	No
Q9BRQ6	CHCHD6	2.93076790659974	4.07520402455093e-05	No	No
Q9BRX8	PRXL2A	1.74327500867991	0.0005313550114065	No	No
Q9BSC4	NOL10	1.7333099201219	0.0069195796007106	No	No
Q9BSJ2	TUBGCP2	3.54729832363272	7.72536858214006e-12	No	No
Q9BSJ6	PIMREG	3.7255635742472	0.0011183740197863	No	No
Q9BU76	MMTAG2	2.08468152690249	6.77563640659262e-06	No	No
Q9BUR4	WRAP53	3.43575644263178	2.44076058905226e-06	No	No
Q9BUT1	BDH2	3.52715243544657	2.4362816133303903e-10	No	No
Q9BVI4	NOC4L	2.01587250206378	0.0002384450239193	No	No
Q9BVJ6	UTP14A	1.89933457714295	7.80492902785821e-06	No	No
Q9BW66	CINP	1.7439422851691	0.0052191919438647	No	No
Q9BWJ5	SF3B5	4.17457570465501	4.65333487130201e-12	No	No
Q9BWU0	SLC4A1AP	3.76236952387593	2.57626871179678e-05	No	No
Q9BX40	LSM14B	2.31738663904894	1.85332340857518e-05	No	No
Q9BXS6	NUSAP1	2.77210247879363	3.23458276961276e-05	No	No
Q9BXY0	MAK16	2.32283506797056	0.0001705960505342	No	No
Q9BYC8	MRPL32	6.64212126156073	1.1073414570994201e-20	No	No
Q9BYC9	MRPL20	4.41262325402566	1.46693176931913e-13	No	No
Q9BYD1	MRPL13	3.01358775023263	1.41479646509227e-10	No	No
Q9BYD2	MRPL9	3.25134427895388	5.55637967547247e-14	No	No
Q9BYD3	MRPL4	2.92002363354125	1.1024002139370998e-12	No	No
Q9BYD6	MRPL1	3.73536960269229	9.405667934683241e-14	No	No
Q9BYG3	NIFK	2.21206180474712	0.0027697301169048	No	No
Q9BYK8	HELZ2	3.60152338508057	4.87768428506867e-05	No	No
Q9BYN8	MRPS26	2.19081448994688	2.8081644560978e-06	No	No
Q9BYT3	STK33	3.13053943530243	0.0001051061782537	No	No
Q9BYW2	SETD2	2.12686829304464	0.0002996694011655	No	No
Q9BZE1	MRPL37	2.02447365670244	4.93768204425299e-10	No	No
Q9BZE4	GTPBP4	1.8540692892253	0.0008775361681527	No	No
Q9BZF1	OSBPL8	6.23565289473244	2.17590556728252e-11	No	No
Q9BZI7	UPF3B	2.21943097497862	4.71116346473331e-06	No	No
Q9C0D5	TANC1	3.6419509839251	3.39893502128978e-14	No	No
Q9C0E8	LNPK	3.90457462811197	6.32361882507252e-05	No	No
Q9GZL7	WDR12	1.66363006933439	0.0006400224500614	No	No
Q9GZR2	REXO4	4.22864361637838	0.0005365613016531	No	No
Q9GZR7	DDX24	2.22667955087357	0.0001641282547863	No	No
Q9GZS1	POLR1E	3.2461448247172	0.0001325924815815	No	No
Q9GZV5	WWTR1	1.82411658430317	0.0080777622734341	No	No
Q9H008	LHPP	3.40223985859473	1.2771819430902398e-11	No	No
Q9H074	PAIP1	2.81134967463649	4.08978350508002e-05	No	No
Q9H0E3	SAP130	2.44375039150425	0.0006890144538516	No	No
Q9H0E9	BRD8	2.11477151507318	1.86279098988327e-06	No	No
Q9H0I2	ENKD1	3.08138089523103	0.0097134632940374	No	No
Q9H0M0	WWP1	2.2661113072621	0.0001048959616099	No	No
Q9H0U6	MRPL18	3.83102199883377	1.7242641698878998e-12	No	No
Q9H116	GZF1	5.34820025522902	1.49468103583713e-05	No	No
Q9H1J1	UPF3A	2.64804269757988	0.000674316246753	No	No
Q9H2H8	PPIL3	1.83094904732868	7.6971109364122e-07	No	No
Q9H2W6	MRPL46	3.14075252662048	3.2318299554418703e-09	No	No
Q9H3S7	PTPN23	1.6934999830737	7.94426348899385e-07	No	No
Q9H4A6	GOLPH3	4.81856236737641	9.50132763126271e-14	No	No
Q9H4I2	ZHX3	4.12879435572302	4.1070439605622805e-20	No	No
Q9H501	ESF1	2.60003619098752	9.22017553901105e-05	No	No
Q9H582	ZNF644	1.95044066128771	0.0042741427353881	No	No
Q9H583	HEATR1	1.87349291829919	0.0007123446049389	No	No
Q9H5U6	ZCCHC4	3.71602731376153	2.35592265216054e-10	No	No
Q9H6F5	CCDC86	2.02060268743991	0.0007314500230562	No	No
Q9H6R0	DHX33	1.7613813721073	0.0005911455516863	No	No
Q9H6S0	YTHDC2	3.17583748350288	0.0001166440283894	No	No
Q9H6Y2	WDR55	2.41782701016438	0.0003123606694049	No	No
Q9H7E2	TDRD3	2.99254931869791	6.25918215523619e-07	No	No
Q9H7E9	C8orf33	2.03650498732681	7.96727557953959e-07	No	No
Q9H8H0	NOL11	2.02129396128352	5.62944320697038e-05	No	No
Q9H8H2	DDX31	2.9586902647982	0.0016262782412611	No	No
Q9H8Y5	ANKZF1	1.83209821528359	0.0001422483135067	No	No
Q9H992	MARCHF7	2.16555808479102	0.0005145470364594	No	No
Q9H9A5	CNOT10	5.5958178136286	3.67711137420186e-08	No	No
Q9H9A7	RMI1	2.79248757477835	0.0001295651960548	No	No
Q9H9G7	AGO3	1.82186318908644	0.0020190292480751	No	No
Q9H9J2	MRPL44	4.65908023258464	6.019998024286831e-15	No	No
Q9H9Y2	RPF1	2.67373711573267	0.0002681743614995	No	No
Q9H9Y6	POLR1B	3.14097583284189	6.4486929901973e-05	No	No
Q9HA38	ZMAT3	4.75601847405142	2.79551034152874e-18	No	No
Q9HA77	CARS2	2.14003791430611	0.0037133034430737	No	No
Q9HAF1	MEAF6	1.95198362323229	0.0013944807412085	No	No
Q9HAN9	NMNAT1	4.43274974847293	8.99918364936169e-08	No	No
Q9HAU4	SMURF2	1.7564289920131	0.0002526275273135	No	No
Q9HB66	LOC128706665	2.06293633575347	2.95304851845946e-05	No	No
Q9HBE1	PATZ1	1.78714935311584	0.0005907179165401	No	No
Q9HBI5	CEP15	2.05304805802469	0.0014909362680985	No	No
Q9HBM6	TAF9B	2.88172265621301	2.02811539650922e-09	No	No
Q9HBZ2	ARNT2	5.50998784950709	5.841238912989e-19	No	No
Q9HC35	EML4	5.79390227922091	5.10469893190006e-18	No	No
Q9HC52	CBX8	4.92895935202495	2.09627765208094e-13	No	No
Q9HCE1	MOV10	1.84223266069026	7.94967028916995e-07	No	No
Q9HCG8	CWC22	3.01537678025146	0.0001773991731829	No	No
Q9HCK5	AGO4	2.34610421325822	0.0061497298399179	No	No
Q9HCK8	CHD8	2.14135425870086	5.92205916079874e-05	No	No
Q9HCM4	EPB41L5	2.29466243536689	0.0008043602593426	No	No
Q9HCY8	S100A14	2.09148372067462	0.0016475585917896	No	No
Q9HD33	MRPL47	3.66584848274277	4.04834455139565e-12	No	No
Q9NP92	MRPS30	3.25982153959635	2.24739977564726e-05	No	No
Q9NPE2	NGRN	2.82867008717101	3.26866896170191e-05	No	No
Q9NPE3	NOP10	2.11924865239219	3.77812752823858e-06	No	No
Q9NPF5	DMAP1	1.97863651273886	5.42881115421867e-06	No	No
Q9NPI1	BRD7	1.78141560767324	0.0011596698109871	No	No
Q9NQ11	ATP13A2	6.03243465284071	6.27916623058438e-16	No	No
Q9NQ50	MRPL40	4.18880970576405	1.10459843859142e-07	No	No
Q9NQ55	PPAN	2.26316073230874	0.0007889760910486	No	No
Q9NQS7	INCENP	3.57191259817602	0.0004289977051946	No	No
Q9NQT4	EXOSC5	1.71524282037436	7.61472902126687e-05	No	No
Q9NQZ2	UTP3	2.69189014128313	0.0002923576363707	No	No
Q9NR48	ASH1L	3.83521459719966	2.1526891986178e-08	No	No
Q9NRH3	TUBG2	2.90718739889054	0.0001126712334907	No	No
Q9NRR4	DROSHA	2.03430038081153	0.0008813713896286	No	No
Q9NRX1	PNO1	1.70581985149517	2.74377136998594e-05	No	No
Q9NRX2	MRPL17	1.9845998967099	1.3067875201490802e-09	No	No
Q9NRY6	PLSCR3	2.64012308711788	1.17018933455016e-13	No	No
Q9NSI2	SLX9	3.05668021282385	8.36697911295754e-07	No	No
Q9NSK0	KLC4	3.52773810465676	1.21200242564481e-11	No	No
Q9NUD5	ZCCHC3	4.1494050500063	1.80073017294409e-07	No	No
Q9NUL5	SHFL	3.17616144055101	6.77317507309892e-11	No	No
Q9NUL7	DDX28	2.15651994094467	4.28756120116795e-06	No	No
Q9NUQ6	SPATS2L	1.8677363935624	3.99315709615395e-07	No	No
Q9NUX5	POT1	3.27031703962784	6.4967147097826e-10	No	No
Q9NV06	DCAF13	1.96534755583125	0.0002856458293934	No	No
Q9NV31	IMP3	2.85121895251928	4.67541737449014e-06	No	No
Q9NVE5	USP40	2.81459288960234	0.0006009154260963	No	No
Q9NVP1	DDX18	2.3921903316635	0.0013505297723169	No	No
Q9NVP2	ASF1B	2.18349026990239	2.95817002437403e-09	No	No
Q9NVS2	MRPS18A	4.86819234174054	4.35116097619223e-09	No	No
Q9NVU0	POLR3E	2.3415802495722	0.0091207222630277	No	No
Q9NW08	POLR3B	2.29500592515141	1.48390088273201e-05	No	No
Q9NW13	RBM28	1.89542113138617	0.0011121676390241	No	No
Q9NW75	GPATCH2	2.09036680341497	0.0030426362341226	No	No
Q9NWB7	IFT57	2.48717618299905	0.0001778718888689	No	No
Q9NWK9	ZNHIT6	3.34023414745423	0.0011862335846941	No	No
Q9NWQ4	GPATCH2L	3.5608498351596	3.99776562653622e-13	No	No
Q9NWT1	PAK1IP1	2.35923603769598	8.20598247696638e-06	No	No
Q9NWT8	AURKAIP1	2.3295646732285	1.85800193777273e-06	No	No
Q9NWU5	MRPL22	3.64381632053029	1.322586067471e-12	No	No
Q9NX05	FAM120C	1.79854575801987	1.8323329449612e-05	No	No
Q9NX24	NHP2	1.73663889098326	0.0001485294875294	No	No
Q9NX58	LYAR	2.50701382980201	0.0006173253551785	No	No
Q9NX63	CHCHD3	1.73022435738464	0.0001625360703881	No	No
Q9NXE8	CWC25	2.31818929686666	3.20248129382676e-05	No	No
Q9NY12	GAR1	2.7825539004395	4.74221847625318e-05	No	No
Q9NY61	AATF	2.13751893230926	2.51286595272059e-05	No	No
Q9NY93	DDX56	1.74601402165576	0.0003125594274318	No	No
Q9NYB0	TERF2IP	2.99500082155266	6.07005510192297e-05	No	No
Q9NYK5	MRPL39	3.26419763481105	2.41551109043413e-13	No	No
Q9NZE8	MRPL35	5.694808969384	1.6806362642268902e-17	No	No
Q9NZI8	IGF2BP1	1.71913421867646	1.13930606658541e-07	No	No
Q9NZM1	MYOF	3.90051260676358	1.22394172577739e-15	No	No
Q9NZM5	NOP53	2.45841374024914	6.89776677951617e-07	No	No
Q9P015	MRPL15	3.90567669059857	2.1710593618190402e-10	No	No
Q9P021	CRIPT	2.07662627086264	0.0048799512993369	No	No
Q9P031	CCDC59	2.05221890077057	8.42088715091249e-06	No	No
Q9P0L2	MARK1	2.930223163548	0.0028607058884192	No	No
Q9P0M9	MRPL27	3.80322179375463	4.0025236835988497e-13	No	No
Q9P206	NHSL3	2.49379346750361	0.0007819019274358	No	No
Q9P270	SLAIN2	2.0579138012468	7.00730815220984e-11	No	No
Q9P275	USP36	3.07166012893812	0.0003964422140613	No	No
Q9P2D0	IBTK	3.57374733260505	0.0013651506576021	No	No
Q9P2E3	ZNFX1	2.22944631563042	0.0001769976736293	No	No
Q9P2K1	CC2D2A	3.28514566505329	0.0011831699980179	No	No
Q9P2N5	RBM27	3.04723433093943	0.000333849751191	No	No
Q9P2W9	STX18	2.67595563914442	0.0012099784589346	No	No
Q9UDW3	ZMAT5	7.17381744897559	4.95708491659949e-19	No	No
Q9UFF9	CNOT8	2.16180539975463	8.35148599131697e-08	No	No
Q9UGJ1	TUBGCP4	3.64220708488734	4.77844942998658e-12	No	No
Q9UGN5	PARP2	3.02336443561577	1.49938846932299e-05	No	No
Q9UH17	APOBEC3B	2.18855151001921	4.14108782580899e-05	No	No
Q9UHA3	RSL24D1	2.62877993990375	0.000373587850149	No	No
Q9UHK0	NUFIP1	3.80970851587683	0.000134298184708	No	No
Q9UHN6	CEMIP2	3.42262603183544	2.23162603452611e-06	No	No
Q9UI10	EIF2B4	2.01487325082983	1.86679110301557e-05	No	No
Q9UIF9	BAZ2A	1.76653308561194	7.11526022831617e-05	No	No
Q9UKD2	MRTO4	2.14032274322103	0.0083322274001041	No	No
Q9UKN8	GTF3C4	2.35795694468969	1.74623973809866e-05	No	No
Q9UKV5	AMFR	2.2203633933568	3.66457050724022e-07	No	No
Q9UKZ1	CNOT11	2.19634447372265	2.05036013934094e-06	No	No
Q9UL18	AGO1	2.49417514006419	3.27450944221001e-06	No	No
Q9UL54	TAOK2	2.2091421073083	0.0078138384241165	No	No
Q9ULL5	PRR12	4.88411197876964	5.887651470771401e-10	No	No
Q9ULM3	YEATS2	3.5953129727341	9.28962887281465e-13	No	No
Q9ULW0	TPX2	3.04885877012509	1.24184059932864e-09	No	No
Q9ULW3	ABT1	2.17545973735622	3.20827682493527e-05	No	No
Q9UMS4	PRPF19	2.87864826212628	1.1681252676435101e-15	No	No
Q9UMY1	NOL7	2.60817927915216	1.16443745281988e-05	No	No
Q9UN81	L1RE1	2.983532140487	5.89260288809445e-15	No	No
Q9UN86	G3BP2	4.14422970500084	9.80876684764284e-18	No	No
Q9UNQ2	DIMT1	2.18385995697205	1.23719762689894e-05	No	No
Q9UNX4	WDR3	2.03133818775866	0.0010867643682164	No	No
Q9UPP1	PHF8	2.94105663214456	6.43562502486393e-05	No	No
Q9UPU9	SAMD4A	2.44419164863086	0.0002017825531973	No	No
Q9UPV9	TRAK1	3.54820212535168	4.96232668253864e-06	No	No
Q9UPY8	MAPRE3	6.06173771020019	0.0003941381756168	No	No
Q9UQB8	BAIAP2	2.9130500552585	0.0002333044462093	No	No
Q9UQR0	SCML2	2.73230990923336	0.0003732313395696	No	No
Q9Y221	NIP7	2.93966576836144	0.0029968898261104	No	No
Q9Y224	RTRAF	2.0120991464719	2.01051589297292e-10	No	No
Q9Y294	ASF1A	3.34242613431026	1.10518823745594e-06	No	No
Q9Y2F5	ICE1	3.77197474978363	1.00102090531191e-07	No	No
Q9Y2H5	PLEKHA6	1.79418564694726	0.0011635715732582	No	No
Q9Y2P8	RCL1	2.0790890083451	1.68110752095748e-05	No	No
Q9Y2Q9	MRPS28	1.79629078033176	0.0030121048429384	No	No
Q9Y2R4	DDX52	1.6821278668484	0.0001206022227737	No	No
Q9Y2S2	CRYL1	5.21523302630008	1.38239681833103e-06	No	No
Q9Y2V0	CDIN1	9.97687400642501	6.14596088142068e-28	No	No
Q9Y2Y1	POLR3K	3.66791479562145	0.0004389192230874	No	No
Q9Y324	FCF1	2.05049593170548	0.0003533068535631	No	No
Q9Y388	RBMX2	3.76860857340075	7.534751350338e-07	No	No
Q9Y3A2	UTP11	2.9353631262356	2.85246229804796e-06	No	No
Q9Y3A4	RRP7A	1.75809169261187	0.0004584327310751	No	No
Q9Y3B4	SF3B6	3.6606795461621	2.53173350884776e-13	No	No
Q9Y3B7	MRPL11	1.74483197216881	3.54753053242434e-06	No	No
Q9Y3B9	RRP15	2.22029727082208	0.0006291051802835	No	No
Q9Y3C1	NOP16	2.50839370193469	0.0010366166351239	No	No
Q9Y3D3	MRPS16	1.90741608278332	3.63269494727961e-05	No	No
Q9Y3U8	RPL36	2.08603167715301	1.85941003400718e-06	No	No
Q9Y3X0	CCDC9	1.95876471316122	0.0047655799495052	No	No
Q9Y426	C2CD2	1.72208762873053	0.0005310095046208	No	No
Q9Y448	KNSTRN	9.48426476496873	4.24673567547284e-16	No	No
Q9Y4C8	RBM19	2.13542814696162	0.0003975942546519	No	No
Q9Y4F3	MARF1	4.52666125526878	0.0003247235399629	No	No
Q9Y512	SAMM50	3.08323462262787	7.12211401755516e-05	No	No
Q9Y580	RBM7	3.19067497925503	6.15105774654941e-05	No	No
Q9Y5A6	ZSCAN21	6.5545655393246	2.2242836048120703e-21	No	No
Q9Y5A7	NUB1	4.11426324264163	2.7793950834899e-06	No	No
Q9Y5B6	PAXBP1	2.51465420574069	0.006400538368517	No	No
Q9Y5B8	NME7	1.77314148466677	2.41885208725478e-06	No	No
Q9Y5J1	UTP18	1.94998134755467	0.0001087705655976	No	No
Q9Y5V0	ZNF706	2.3259567340972	1.36459889058251e-06	No	No
Q9Y5Y5	PEX16	2.7533452480625	0.0005421830566326	No	No
Q9Y625	GPC6	2.73924922124732	0.0060947815956287	No	No
Q9Y673	ALG5	3.66187875021367	0.0009805008800555	No	No
Q9Y6A4	CFAP20	3.40183590812291	1.70066476636077e-08	No	No
Q9Y6A5	TACC3	4.39534606362312	7.268286565480339e-12	No	No
Q9Y6G3	MRPL42	5.57214520986811	6.177359756221351e-20	No	No
Q9Y6J9	TAF6L	1.79903297901582	0.0036356581244489	No	No
Q9Y6X8	ZHX2	2.96824161910303	2.74590380006401e-06	No	No
